STATE_ABBREV,rank_in_state,FIPS,COUNTY_NAME,influence_score,eigenvector_centrality
AK,1,2020,Anchorage Municipality,1.3333333333333333,1.4661765410739008e-23
AK,2,2122,Kenai Peninsula Borough,1.3333333333333333,1.4661765410739008e-23
AK,3,2170,Matanuska-Susitna Borough,1.3333333333333333,1.4661765410739008e-23
AK,4,2130,Ketchikan Gateway Borough,1.3333333333333333,1.4661765410739008e-23
AK,5,2110,Juneau City and Borough,1.3333333333333333,1.4661765410739008e-23
AK,6,2195,Petersburg Borough,1.0,1.7195583406852072e-18
AK,7,2150,Kodiak Island Borough,0.5,2.4318775284748826e-18
AL,1,1019,Cherokee County,9.40440115440115,1.0947979499294458e-09
AL,2,1017,Chambers County,9.31349206349206,1.0947979499294458e-09
AL,3,1097,Mobile County,9.31349206349206,1.0947979499294458e-09
AL,4,1095,Marshall County,9.215750915750911,1.4661765410739008e-23
AL,5,1033,Colbert County,9.215750915750911,1.4661765410739008e-23
AL,6,1059,Franklin County,9.215750915750911,1.4661765410739008e-23
AL,7,1039,Covington County,9.215750915750911,1.4661765410739008e-23
AL,8,1127,Walker County,9.215750915750911,1.4661765410739008e-23
AL,9,1093,Marion County,9.215750915750911,1.4661765410739008e-23
AL,10,1069,Houston County,9.061904761904758,2.0802785428689368e-10
AR,1,5031,Craighead County,12.8116165697048,1.4661765410739008e-23
AR,2,5063,Independence County,12.8116165697048,1.4661765410739008e-23
AR,3,5131,Sebastian County,12.752793040293035,2.1650506781609563e-08
AR,4,5051,Garland County,12.7491165697048,2.3407765303481037e-08
AR,5,5055,Greene County,12.690293040293035,1.4661765410739008e-23
AR,6,5107,Phillips County,12.690293040293035,1.4661765410739008e-23
AR,7,5009,Boone County,12.690293040293035,1.4661765410739008e-23
AR,8,5005,Baxter County,12.58084733893557,1.3790967326881694e-07
AR,9,5067,Jackson County,12.459523809523803,1.4661765410739008e-23
AR,10,5115,Pope County,12.459523809523803,1.4661765410739008e-23
AZ,1,4015,Mohave County,0.75,1.4661765410739008e-23
AZ,2,4007,Gila County,0.75,1.4661765410739008e-23
AZ,3,4019,Pima County,0.75,1.4661765410739008e-23
AZ,4,4009,Graham County,0.75,1.4661765410739008e-23
AZ,5,4025,Yavapai County,0.75,1.4661765410739008e-23
AZ,6,4013,,0.0,3.628786939157904e-22
AZ,7,4003,,0.0,3.628786939157904e-22
AZ,8,4012,,0.0,3.628786939157904e-22
CA,1,6049,Modoc County,4.05,1.4661765410739008e-23
CA,2,6045,Mendocino County,4.05,1.4661765410739008e-23
CA,3,6109,Tuolumne County,4.05,1.4661765410739008e-23
CA,4,6063,Plumas County,4.05,1.4661765410739008e-23
CA,5,6089,Shasta County,4.05,1.4661765410739008e-23
CA,6,6103,Tehama County,4.05,1.4661765410739008e-23
CA,7,6101,Sutter County,4.05,1.4661765410739008e-23
CA,8,6099,Stanislaus County,4.05,1.4661765410739008e-23
CA,9,6057,Nevada County,4.05,1.4661765410739008e-23
CA,10,6093,Siskiyou County,4.05,1.4661765410739008e-23
CO,1,8045,Garfield County,9.976190476190473,1.4661765410739008e-23
CO,2,8071,Las Animas County,9.976190476190473,1.4661765410739008e-23
CO,3,8077,Mesa County,9.976190476190473,1.4661765410739008e-23
CO,4,8081,Moffat County,9.976190476190473,1.4661765410739008e-23
CO,5,8085,Montrose County,9.976190476190473,1.4661765410739008e-23
CO,6,8089,Otero County,9.976190476190473,1.4661765410739008e-23
CO,7,8029,Delta County,9.976190476190473,1.4661765410739008e-23
CO,8,8003,Alamosa County,9.976190476190473,1.4661765410739008e-23
CO,9,8101,Pueblo County,9.976190476190473,1.4661765410739008e-23
CO,10,8015,Chaffee County,9.976190476190473,1.4661765410739008e-23
CT,1,9005,Litchfield County,1.3333333333333333,2.235919225137698e-22
CT,2,9011,New London County,1.0928571428571427,1.4661765410739008e-23
CT,3,9015,Windham County,1.0928571428571427,1.4661765410739008e-23
CT,4,9009,New Haven County,1.0928571428571427,1.4661765410739008e-23
CT,5,9003,,0.0,4.3252207961680075e-22
CT,6,9007,,0.0,3.1797878279366536e-21
DE,1,10005,Sussex County,0.375,1.4661765410739008e-23
DE,2,10001,,0.0,4.9483458261244163e-23
DE,3,10003,,0.0,8.430515111174927e-23
FL,1,12123,Taylor County,9.169780219780217,1.4661765410739008e-23
FL,2,12133,Washington County,9.169780219780217,1.4661765410739008e-23
FL,3,12005,Bay County,9.169780219780217,1.4661765410739008e-23
FL,4,12093,Okeechobee County,9.09285714285714,1.4661765410739008e-23
FL,5,12101,Pasco County,9.09285714285714,1.4661765410739008e-23
FL,6,12107,Putnam County,9.09285714285714,1.4661765410739008e-23
FL,7,12113,Santa Rosa County,9.09285714285714,1.4661765410739008e-23
FL,8,12131,Walton County,9.09285714285714,1.4661765410739008e-23
FL,9,12091,Okaloosa County,9.09285714285714,1.4661765410739008e-23
FL,10,12089,Nassau County,9.09285714285714,1.4661765410739008e-23
GA,1,13123,Gilmer County,14.646969696969702,4.9654728084794965e-05
GA,2,13087,Decatur County,14.283333333333337,4.9654728084794965e-05
GA,3,13115,Floyd County,13.396872979961213,1.4661765410739008e-23
GA,4,13277,Tift County,13.396872979961213,1.4661765410739008e-23
GA,5,13299,Ware County,13.396872979961213,1.4661765410739008e-23
GA,6,13005,Bacon County,13.338049450549446,1.4661765410739008e-23
GA,7,13069,Coffee County,13.338049450549446,1.4661765410739008e-23
GA,8,13105,Elbert County,13.275549450549446,1.4661765410739008e-23
GA,9,13257,Stephens County,13.275549450549446,1.4661765410739008e-23
GA,10,13043,Candler County,13.275549450549446,1.4661765410739008e-23
HI,1,15007,Kauai County,1.25,1.4661765410739008e-23
HI,2,15001,Hawaii County,0.3333333333333333,2.9323530821478e-22
HI,3,15009,,0.0,1.0128836271252196e-21
IA,1,19113,Linn County,10.033333333333337,1.0287180222809779e-10
IA,2,19073,Greene County,9.241017316017317,9.031555187417294e-11
IA,3,19039,Clarke County,9.241017316017317,9.031555187417294e-11
IA,4,19133,Monona County,7.884676434676434,1.4661765410739008e-23
IA,5,19057,Des Moines County,7.884676434676434,1.4661765410739008e-23
IA,6,19027,Carroll County,7.884676434676434,1.4661765410739008e-23
IA,7,19029,Cass County,7.884676434676434,1.4661765410739008e-23
IA,8,19111,Lee County,7.884676434676434,1.4661765410739008e-23
IA,9,19041,Clay County,7.884676434676434,1.4661765410739008e-23
IA,10,19007,Appanoose County,7.884676434676434,1.4661765410739008e-23
ID,1,16069,Nez Perce County,9.7656746031746,1.4661765410739008e-23
ID,2,16061,Lewis County,9.56031746031746,1.4661765410739008e-23
ID,3,16007,Bear Lake County,9.56031746031746,1.4661765410739008e-23
ID,4,16031,Cassia County,9.56031746031746,1.4661765410739008e-23
ID,5,16085,Valley County,9.56031746031746,1.4661765410739008e-23
ID,6,16021,Boundary County,8.388888888888888,2.317609076179333e-09
ID,7,16083,Twin Falls County,7.726984126984126,3.5244634726086232e-09
ID,8,16041,Franklin County,6.0,1.4661765410739008e-23
ID,9,16079,Shoshone County,5.566666666666668,1.3252114816748662e-09
ID,10,16045,Gem County,5.566666666666668,1.3252114816748662e-09
IL,1,17055,Franklin County,10.92063492063492,1.662038296031188e-14
IL,2,17083,Jersey County,10.92063492063492,1.662038296031188e-14
IL,3,17081,Jefferson County,10.705769230769224,1.4661765410739008e-23
IL,4,17001,Adams County,10.705769230769224,1.4661765410739008e-23
IL,5,17165,Saline County,10.705769230769224,1.4661765410739008e-23
IL,6,17199,Williamson County,10.705769230769224,1.4661765410739008e-23
IL,7,17069,Hardin County,10.705769230769224,1.4661765410739008e-23
IL,8,17021,Christian County,10.67063492063492,1.662038296031188e-14
IL,9,17135,Montgomery County,10.639102564102558,1.4661765410739008e-23
IL,10,17121,Marion County,10.639102564102558,1.4661765410739008e-23
IN,1,18163,Vanderburgh County,12.139560439560436,1.4661765410739008e-23
IN,2,18143,Scott County,12.139560439560436,1.4661765410739008e-23
IN,3,18043,Floyd County,11.985714285714282,5.751923353443764e-23
IN,4,18109,Morgan County,11.919047619047616,1.4661765410739008e-23
IN,5,18177,Wayne County,11.919047619047616,1.4661765410739008e-23
IN,6,18167,Vigo County,11.919047619047616,1.4661765410739008e-23
IN,7,18149,Starke County,11.919047619047616,1.4661765410739008e-23
IN,8,18117,Orange County,11.919047619047616,1.4661765410739008e-23
IN,9,18041,Fayette County,11.919047619047616,1.4661765410739008e-23
IN,10,18095,Madison County,11.919047619047616,1.4661765410739008e-23
KS,1,20071,Greeley County,9.371329079417311,1.4661765410739008e-23
KS,2,20151,Pratt County,9.312505550005548,1.4661765410739008e-23
KS,3,20129,Morton County,9.250005550005548,1.4661765410739008e-23
KS,4,20195,Trego County,9.250005550005548,1.4661765410739008e-23
KS,5,20183,Smith County,9.179172216672214,1.163967690705462e-09
KS,6,20001,Allen County,9.17023809523809,2.1574684046904497e-08
KS,7,20125,Montgomery County,9.116672216672214,1.4661765410739008e-23
KS,8,20009,Barton County,9.116672216672214,1.4661765410739008e-23
KS,9,20169,Saline County,9.116672216672214,1.4661765410739008e-23
KS,10,20205,Wilson County,8.832867540955776,1.8329306473197574e-09
KY,1,21193,Perry County,18.399133627810095,1.4661765410739008e-23
KY,2,21145,Mccracken County,18.399133627810095,1.4661765410739008e-23
KY,3,21195,Pike County,18.336633627810095,1.304155197844657e-10
KY,4,21013,Bell County,18.21898656898657,1.4661765410739008e-23
KY,5,21235,Whitley County,18.21898656898657,1.4661765410739008e-23
KY,6,21071,Floyd County,18.21898656898657,1.4661765410739008e-23
KY,7,21051,Clay County,18.147557997557996,2.762453835520867e-10
KY,8,21131,Leslie County,18.147557997557996,1.4661765410739008e-23
KY,9,21025,Breathitt County,18.147557997557996,1.4661765410739008e-23
KY,10,21115,Johnson County,18.147557997557996,1.4661765410739008e-23
LA,1,22079,Rapides Parish,8.313827838827837,1.4661765410739008e-23
LA,2,22039,Evangeline Parish,8.24716117216117,1.4661765410739008e-23
LA,3,22117,Washington Parish,8.24716117216117,1.4661765410739008e-23
LA,4,22097,St. Landry Parish,8.24716117216117,1.4661765410739008e-23
LA,5,22073,Ouachita Parish,8.170238095238092,1.4661765410739008e-23
LA,6,22009,Avoyelles Parish,8.170238095238092,1.4661765410739008e-23
LA,7,22105,Tangipahoa Parish,8.170238095238092,1.4661765410739008e-23
LA,8,22051,Jefferson Parish,8.170238095238092,1.4661765410739008e-23
LA,9,22019,Calcasieu Parish,8.170238095238092,1.4661765410739008e-23
LA,10,22017,Caddo Parish,7.736904761904761,1.4476584042026706e-10
MA,1,25001,Barnstable County,2.0,1.4661765410739008e-23
MA,2,25003,Berkshire County,2.0,1.4661765410739008e-23
MA,3,25027,Worcester County,2.0,1.4661765410739008e-23
MA,4,25013,Hampden County,2.0,1.4661765410739008e-23
MA,5,25005,Bristol County,2.0,1.4661765410739008e-23
MA,6,25023,Plymouth County,1.7,1.407529479430945e-21
MA,7,25007,Dukes County,1.25,1.3525478591406743e-20
MA,8,25015,,0.0,1.097935306459133e-19
MD,1,24001,Allegany County,4.298351648351648,1.4661765410739008e-23
MD,2,24043,Washington County,4.298351648351648,1.4661765410739008e-23
MD,3,24029,Kent County,4.2214285714285715,5.751923353443764e-23
MD,4,24047,Worcester County,4.15,1.4661765410739008e-23
MD,5,24015,Cecil County,4.15,1.4661765410739008e-23
MD,6,24025,Harford County,2.0,1.4477417878444148e-19
MD,7,24045,Wicomico County,1.8333333333333333,1.7932466925442333e-21
MD,8,24041,Talbot County,1.8333333333333333,1.880492252653191e-21
MD,9,24009,Calvert County,1.8333333333333333,1.7932466925442333e-21
MD,10,24017,Charles County,1.1666666666666663,4.6597668368148017e-20
ME,1,23001,Androscoggin County,3.608333333333334,1.4661765410739008e-23
ME,2,23011,Kennebec County,3.608333333333334,1.4661765410739008e-23
ME,3,23019,Penobscot County,3.608333333333334,1.4661765410739008e-23
ME,4,23021,Piscataquis County,3.608333333333334,1.4661765410739008e-23
ME,5,23025,Somerset County,3.3333333333333335,3.8700368197750975e-14
ME,6,23013,Knox County,3.166666666666667,3.8700368197750975e-14
ME,7,23007,Franklin County,3.0833333333333335,1.4661765410739008e-23
ME,8,23003,Aroostook County,2.733333333333334,3.0767423521315304e-14
ME,9,23009,Hancock County,2.5,6.206784232876464e-14
ME,10,23017,Oxford County,2.2750000000000004,4.3799515443483836e-14
MI,1,26149,Saint Joseph County,14.81904761904762,1.1495400948883787e-07
MI,2,26043,Dickinson County,14.81904761904762,1.1495400948883787e-07
MI,3,26117,Montcalm County,10.416666666666668,6.193807200456108e-08
MI,4,26101,Manistee County,10.416666666666668,6.193807200456108e-08
MI,5,26123,Newaygo County,9.998412698412691,5.3692522085376556e-08
MI,6,26069,Iosco County,8.935256410256407,1.4661765410739008e-23
MI,7,26129,Ogemaw County,8.935256410256407,1.4661765410739008e-23
MI,8,26137,Otsego County,8.935256410256407,1.4661765410739008e-23
MI,9,26143,Roscommon County,8.935256410256407,1.4661765410739008e-23
MI,10,26007,Alpena County,8.85833333333333,1.4661765410739008e-23
MN,1,27163,Washington County,13.269047619047615,1.4304381008560812e-06
MN,2,27057,Hubbard County,10.833333333333336,2.058574792417444e-06
MN,3,27091,Martin County,10.55787545787545,1.4661765410739008e-23
MN,4,27159,Wadena County,10.55787545787545,1.4661765410739008e-23
MN,5,27011,Big Stone County,10.55787545787545,1.4661765410739008e-23
MN,6,27117,Pipestone County,10.55787545787545,1.4661765410739008e-23
MN,7,27085,Mcleod County,10.480952380952374,1.4661765410739008e-23
MN,8,27001,Aitkin County,10.480952380952374,1.4661765410739008e-23
MN,9,27013,Blue Earth County,10.480952380952374,1.4661765410739008e-23
MN,10,27071,Koochiching County,10.480952380952374,1.4661765410739008e-23
MO,1,29113,Lincoln County,10.583333333333336,4.5630263266013926e-08
MO,2,29091,Howell County,9.03882783882784,1.4661765410739008e-23
MO,3,29097,Jasper County,9.03882783882784,1.4661765410739008e-23
MO,4,29023,Butler County,9.03882783882784,1.4661765410739008e-23
MO,5,29187,Saint Francois County,9.03882783882784,1.4661765410739008e-23
MO,6,29031,Cape Girardeau County,9.020728291316528,8.400741223919435e-09
MO,7,29069,Dunklin County,8.972161172161172,1.4661765410739008e-23
MO,8,29083,Henry County,8.972161172161172,1.4661765410739008e-23
MO,9,29123,Madison County,8.972161172161172,1.4661765410739008e-23
MO,10,29127,Marion County,8.972161172161172,1.0831316290045296e-10
MS,1,28035,Forrest County,10.816241111829344,1.4661765410739008e-23
MS,2,28075,Lauderdale County,10.66239495798319,8.169879853826801e-11
MS,3,28003,Alcorn County,10.490750915750914,3.759483031977767e-12
MS,4,28091,Marion County,10.490750915750914,1.4661765410739008e-23
MS,5,28081,Lee County,10.395728291316525,8.299020568757566e-11
MS,6,28067,Jones County,10.395728291316525,1.29140714932231e-12
MS,7,28141,Tishomingo County,10.33690476190476,1.4661765410739008e-23
MS,8,28099,Neshoba County,10.33690476190476,1.4661765410739008e-23
MS,9,28001,Adams County,10.33690476190476,1.4661765410739008e-23
MS,10,28039,George County,10.33690476190476,1.4661765410739008e-23
MT,1,30053,Lincoln County,6.757081807081807,1.4661765410739008e-23
MT,2,30017,Custer County,6.757081807081807,1.4661765410739008e-23
MT,3,30093,Silver Bow County,6.68015873015873,1.4661765410739008e-23
MT,4,30049,Lewis And Clark County,6.68015873015873,1.4661765410739008e-23
MT,5,30029,Flathead County,6.68015873015873,1.4661765410739008e-23
MT,6,30023,Deer Lodge County,6.68015873015873,6.021909702132576e-12
MT,7,30021,Dawson County,6.68015873015873,1.4661765410739008e-23
MT,8,30013,Cascade County,6.68015873015873,1.4661765410739008e-23
MT,9,30111,Yellowstone County,6.68015873015873,1.4661765410739008e-23
MT,10,30063,Missoula County,6.38015873015873,1.4661765410739008e-23
NC,1,37165,Scotland County,8.992857142857144,4.666150818601079e-09
NC,2,37025,Cabarrus County,8.576190476190474,4.666150818601079e-09
NC,3,37121,Mitchell County,7.938186813186812,1.4661765410739008e-23
NC,4,37153,Richmond County,7.938186813186812,1.4661765410739008e-23
NC,5,37171,Surry County,7.938186813186812,1.4661765410739008e-23
NC,6,37047,Columbus County,7.938186813186812,1.4661765410739008e-23
NC,7,37039,Cherokee County,7.938186813186812,1.4661765410739008e-23
NC,8,37157,Rockingham County,7.938186813186812,1.4661765410739008e-23
NC,9,37013,Beaufort County,7.938186813186812,1.4661765410739008e-23
NC,10,37045,Cleveland County,7.620238095238095,1.5555244801076274e-10
ND,1,38071,Ramsey County,5.46025641025641,1.4661765410739008e-23
ND,2,38001,Adams County,5.46025641025641,1.4661765410739008e-23
ND,3,38003,Barnes County,5.316666666666667,1.4661765410739008e-23
ND,4,38015,Burleigh County,5.316666666666667,2.439836348470276e-16
ND,5,38073,Ransom County,5.316666666666667,1.4661765410739008e-23
ND,6,38089,Stark County,5.316666666666667,1.4661765410739008e-23
ND,7,38093,Stutsman County,5.316666666666667,1.4661765410739008e-23
ND,8,38105,Williams County,5.316666666666667,1.4661765410739008e-23
ND,9,38069,Pierce County,5.216666666666668,1.4661765410739008e-23
ND,10,38035,Grand Forks County,5.2,1.7755012635441703e-16
NE,1,31111,Lincoln County,12.710964035964032,1.4661765410739008e-23
NE,2,31137,Phelps County,12.710964035964032,1.4661765410739008e-23
NE,3,31119,Madison County,12.605396809073277,5.885867071348086e-09
NE,4,31127,Nemaha County,12.425249750249748,5.885867071348086e-09
NE,5,31157,Scotts Bluff County,12.413528138528136,1.5189693774117807e-08
NE,6,31101,Keith County,12.35858308358308,1.4661765410739008e-23
NE,7,31145,Red Willow County,12.35858308358308,1.4661765410739008e-23
NE,8,31053,Dodge County,12.35858308358308,1.4661765410739008e-23
NE,9,31185,York County,12.35858308358308,1.4661765410739008e-23
NE,10,31029,Chase County,12.155952380952376,1.5189693774117807e-08
NH,1,33013,Merrimack County,3.4166666666666665,1.4661765410739008e-23
NH,2,33017,Strafford County,3.4166666666666665,1.4661765410739008e-23
NH,3,33001,Belknap County,1.5,5.1881715214774226e-17
NH,4,33005,Cheshire County,1.3333333333333333,1.2479935832776657e-17
NH,5,33009,Grafton County,1.0,4.14417525054434e-17
NH,6,33003,,0.0,1.2479378685691049e-17
NH,7,33007,,0.0,1.2479378685691049e-17
NJ,1,34005,Burlington County,1.5,6.646666986201679e-22
NJ,2,34041,Warren County,1.0,6.6307834070067264e-21
NJ,3,34029,Ocean County,0.7833333333333332,1.4661765410739008e-23
NJ,4,34015,Gloucester County,0.7833333333333332,1.4661765410739008e-23
NJ,5,34011,Cumberland County,0.7833333333333332,1.4661765410739008e-23
NJ,6,34009,Cape May County,0.7833333333333332,1.4661765410739008e-23
NJ,7,34007,Camden County,0.7833333333333332,1.4661765410739008e-23
NJ,8,34033,Salem County,0.7833333333333332,1.4661765410739008e-23
NJ,9,34001,Atlantic County,0.7833333333333332,1.4661765410739008e-23
NJ,10,34025,,0.0,4.379249401706585e-20
NM,1,35017,Grant County,6.819047619047618,1.128955936626904e-21
NM,2,35037,Quay County,6.819047619047618,1.128955936626904e-21
NM,3,35061,Valencia County,6.583333333333334,2.1186251018517875e-20
NM,4,35055,Taos County,6.583333333333334,2.1186251018517875e-20
NM,5,35049,Santa Fe County,6.249999999999999,1.4661765410739008e-23
NM,6,35039,Rio Arriba County,6.249999999999999,1.4661765410739008e-23
NM,7,35005,Chaves County,6.249999999999999,1.4661765410739008e-23
NM,8,35027,Lincoln County,6.249999999999999,1.4661765410739008e-23
NM,9,35015,Eddy County,4.733333333333333,4.051905603068604e-12
NM,10,35047,San Miguel County,4.733333333333333,4.051905603068604e-12
NV,1,32023,Nye County,2.342857142857143,8.503823938228623e-22
NV,2,32510,Carson City,2.2916666666666665,1.4661765410739008e-23
NV,3,32001,Churchill County,2.2916666666666665,1.4661765410739008e-23
NV,4,32033,White Pine County,2.2916666666666665,1.4661765410739008e-23
NV,5,32005,Douglas County,0.4166666666666666,8.232581278129954e-21
NV,6,32021,Mineral County,0.4166666666666666,8.232581278129954e-21
NV,7,32031,,0.0,2.6298075528972014e-20
NV,8,32019,,0.0,1.7622831116816158e-20
NY,1,36115,Washington County,9.361111111111107,5.3576614818911256e-14
NY,2,36025,Delaware County,9.361111111111107,5.3576614818911256e-14
NY,3,36113,Warren County,8.968803418803414,1.4661765410739008e-23
NY,4,36057,Montgomery County,8.968803418803414,1.4661765410739008e-23
NY,5,36015,Chemung County,8.968803418803414,1.4661765410739008e-23
NY,6,36103,Suffolk County,8.749999999999996,5.3576614818911256e-14
NY,7,36035,Fulton County,8.661111111111108,1.4661765410739008e-23
NY,8,36029,Erie County,8.661111111111108,1.4661765410739008e-23
NY,9,36063,Niagara County,8.661111111111108,1.4661765410739008e-23
NY,10,36039,Greene County,8.661111111111108,1.4661765410739008e-23
OH,1,39003,Allen County,6.625,1.4661765410739008e-23
OH,2,39059,Guernsey County,6.625,1.4661765410739008e-23
OH,3,39131,Pike County,6.625,1.4661765410739008e-23
OH,4,39119,Muskingum County,6.625,1.4661765410739008e-23
OH,5,39113,Montgomery County,6.625,1.4661765410739008e-23
OH,6,39101,Marion County,6.625,1.4661765410739008e-23
OH,7,39099,Mahoning County,6.625,1.4661765410739008e-23
OH,8,39087,Lawrence County,6.625,1.4661765410739008e-23
OH,9,39081,Jefferson County,6.625,1.4661765410739008e-23
OH,10,39079,Jackson County,6.625,1.4661765410739008e-23
OK,1,40071,Kay County,9.76666666666666,4.9193076238859017e-08
OK,2,40137,Stephens County,9.550671550671543,1.4661765410739008e-23
OK,3,40125,Pottawatomie County,9.550671550671543,1.4661765410739008e-23
OK,4,40101,Muskogee County,9.550671550671543,1.4661765410739008e-23
OK,5,40019,Carter County,9.550671550671543,1.4661765410739008e-23
OK,6,40013,Bryan County,9.550671550671543,1.4661765410739008e-23
OK,7,40121,Pittsburg County,9.550671550671543,1.4661765410739008e-23
OK,8,40143,Tulsa County,9.539682539682534,4.129237316429044e-09
OK,9,40153,Woodward County,9.396825396825392,1.4661765410739008e-23
OK,10,40131,Rogers County,9.396825396825392,1.4661765410739008e-23
OR,1,41001,Baker County,5.310714285714286,1.4661765410739008e-23
OR,2,41065,Wasco County,5.310714285714286,1.4661765410739008e-23
OR,3,41007,Clatsop County,5.310714285714286,1.4661765410739008e-23
OR,4,41041,Lincoln County,5.310714285714286,1.4661765410739008e-23
OR,5,41015,Curry County,5.310714285714286,1.4661765410739008e-23
OR,6,41029,Jackson County,5.310714285714286,1.4661765410739008e-23
OR,7,41033,Josephine County,5.310714285714286,1.4661765410739008e-23
OR,8,41011,Coos County,5.310714285714286,1.4661765410739008e-23
OR,9,41019,Douglas County,5.310714285714286,1.4661765410739008e-23
OR,10,41025,Harney County,4.842857142857143,1.8865016286749294e-11
PA,1,42089,Monroe County,11.654761904761903,6.907441881782781e-10
PA,2,42007,Beaver County,11.654761904761903,6.907441881782781e-10
PA,3,42003,Allegheny County,11.654761904761903,6.907441881782781e-10
PA,4,42069,Lackawanna County,11.403113553113547,1.4661765410739008e-23
PA,5,42051,Fayette County,11.403113553113547,6.39390474165356e-10
PA,6,42049,Erie County,11.326190476190472,1.4661765410739008e-23
PA,7,42021,Cambria County,11.326190476190472,1.4661765410739008e-23
PA,8,42013,Blair County,11.326190476190472,1.4661765410739008e-23
PA,9,42023,Cameron County,11.326190476190472,1.4661765410739008e-23
PA,10,42039,Crawford County,11.326190476190472,1.4661765410739008e-23
RI,1,44003,Kent County,1.0,1.4661765410739008e-23
RI,2,44009,Washington County,1.0,1.4661765410739008e-23
RI,3,44007,,0.0,5.718088510188214e-22
SC,1,45057,Lancaster County,6.85,2.917202591223373e-20
SC,2,45077,Pickens County,4.95,1.5468162508329646e-21
SC,3,45011,Barnwell County,4.95,1.5468162508329646e-21
SC,4,45041,Florence County,3.678113553113553,1.4661765410739008e-23
SC,5,45031,Darlington County,3.678113553113553,1.4661765410739008e-23
SC,6,45029,Colleton County,3.678113553113553,1.4661765410739008e-23
SC,7,45047,Greenwood County,3.601190476190476,1.4661765410739008e-23
SC,8,45021,Cherokee County,3.601190476190476,1.4661765410739008e-23
SC,9,45007,Anderson County,3.601190476190476,1.4661765410739008e-23
SC,10,45073,Oconee County,3.601190476190476,1.4661765410739008e-23
SD,1,46059,Hand County,7.75,3.202454652872738e-09
SD,2,46035,Davison County,7.258333333333333,1.4661765410739008e-23
SD,3,46065,Hughes County,7.258333333333333,1.4661765410739008e-23
SD,4,46103,Pennington County,7.258333333333333,1.4661765410739008e-23
SD,5,46081,Lawrence County,7.258333333333333,1.4661765410739008e-23
SD,6,46029,Codington County,7.175,1.4661765410739008e-23
SD,7,46015,Brule County,7.058333333333334,5.015864290556651e-10
SD,8,46073,Jerauld County,6.666666666666666,5.015864290556651e-10
SD,9,46067,Hutchinson County,6.591666666666667,1.598573649767214e-09
SD,10,46107,Potter County,6.516666666666667,1.4661765410739008e-23
TN,1,47177,Warren County,16.456349206349202,5.690920779064839e-06
TN,2,47181,Wayne County,16.456349206349202,5.690920779064839e-06
TN,3,47099,Lawrence County,16.34523809523809,5.690920779064839e-06
TN,4,47117,Marshall County,15.916666666666664,5.690920779064839e-06
TN,5,47025,Claiborne County,15.103571428571426,1.4661765410739008e-23
TN,6,47045,Dyer County,15.103571428571426,1.4661765410739008e-23
TN,7,47013,Campbell County,15.103571428571426,1.4661765410739008e-23
TN,8,47029,Cocke County,15.103571428571426,1.4661765410739008e-23
TN,9,47031,Coffee County,15.103571428571426,1.4661765410739008e-23
TN,10,47153,Sequatchie County,15.103571428571426,1.4661765410739008e-23
TX,1,48037,Bowie County,29.22842059900884,1.4661765410739008e-23
TX,2,48183,Gregg County,29.22842059900884,1.4661765410739008e-23
TX,3,48485,Wichita County,29.16959706959707,1.4661765410739008e-23
TX,4,48441,Taylor County,29.102930402930408,1.4661765410739008e-23
TX,5,48293,Limestone County,29.031501831501835,1.4661765410739008e-23
TX,6,48363,Palo Pinto County,29.031501831501835,1.4661765410739008e-23
TX,7,48049,Brown County,29.031501831501835,1.4661765410739008e-23
TX,8,48179,Gray County,29.031501831501835,1.4661765410739008e-23
TX,9,48181,Grayson County,29.031501831501835,1.4661765410739008e-23
TX,10,48199,Hardin County,29.031501831501835,1.4661765410739008e-23
UT,1,49007,Carbon County,6.962301587301587,1.4661765410739008e-23
UT,2,49019,Grand County,6.962301587301587,1.4661765410739008e-23
UT,3,49015,Emery County,6.962301587301587,1.4661765410739008e-23
UT,4,49041,Sevier County,6.962301587301587,1.4661765410739008e-23
UT,5,49027,Millard County,6.626190476190477,1.4661765410739008e-23
UT,6,49039,Sanpete County,5.861111111111111,2.185750574862065e-11
UT,7,49051,Wasatch County,5.5,1.4661765410739008e-23
UT,8,49053,Washington County,5.362301587301587,3.7154724621484526e-11
UT,9,49025,Kane County,4.778968253968254,1.8112845481598844e-11
UT,10,49021,Iron County,3.95,2.3519860317860636e-11
VA,1,51173,Smyth County,9.14444444444444,1.0421482995052873e-13
VA,2,51027,Buchanan County,7.111111111111111,4.213322205493094e-12
VA,3,51169,Scott County,6.991103749191985,1.4661765410739008e-23
VA,4,51840,Winchester city,6.991103749191985,1.4661765410739008e-23
VA,5,51595,Emporia city,6.991103749191985,1.4661765410739008e-23
VA,6,51630,Fredericksburg city,6.991103749191985,1.4661765410739008e-23
VA,7,51690,Martinsville city,6.991103749191985,1.4661765410739008e-23
VA,8,51720,Norton city,6.991103749191985,1.4661765410739008e-23
VA,9,51775,Salem city,6.991103749191985,1.4661765410739008e-23
VA,10,51678,Lexington city,6.93228021978022,1.4661765410739008e-23
VT,1,50003,Bennington County,1.3194444444444446,1.4661765410739008e-23
VT,2,50025,Windham County,1.3194444444444446,1.4661765410739008e-23
VT,3,50021,Rutland County,1.3194444444444446,1.4661765410739008e-23
VT,4,50011,Franklin County,0.9444444444444446,1.1912684396225437e-22
VT,5,50005,Caledonia County,0.5,2.4293730743071716e-22
VT,6,50023,,0.0,2.4293730743071716e-22
VT,7,50019,,0.0,2.4293730743071716e-22
VT,8,50015,,0.0,2.4293730743071716e-22
VT,9,50027,,0.0,2.243250107843069e-21
WA,1,53015,Cowlitz County,5.626190476190477,1.4661765410739008e-23
WA,2,53063,Spokane County,5.626190476190477,1.4661765410739008e-23
WA,3,53007,Chelan County,5.626190476190477,1.4661765410739008e-23
WA,4,53027,Grays Harbor County,5.626190476190477,1.4661765410739008e-23
WA,5,53009,Clallam County,5.626190476190477,1.4661765410739008e-23
WA,6,53041,Lewis County,5.626190476190477,1.4661765410739008e-23
WA,7,53005,Benton County,5.626190476190477,1.4661765410739008e-23
WA,8,53051,Pend Oreille County,5.626190476190477,1.4661765410739008e-23
WA,9,53003,Asotin County,5.626190476190477,1.4661765410739008e-23
WA,10,53057,Skagit County,5.376190476190477,2.4005033627918473e-13
WI,1,55057,Juneau County,15.228968253968253,1.4661765410739008e-23
WI,2,55085,Oneida County,15.228968253968253,1.4661765410739008e-23
WI,3,55021,Columbia County,15.228968253968253,1.4661765410739008e-23
WI,4,55003,Ashland County,15.228968253968253,1.4661765410739008e-23
WI,5,55059,Kenosha County,15.145634920634915,1.4661765410739008e-23
WI,6,55063,La Crosse County,15.145634920634915,1.4661765410739008e-23
WI,7,55051,Iron County,15.145634920634915,2.9848240766762704e-09
WI,8,55031,Douglas County,15.145634920634915,1.4661765410739008e-23
WI,9,55079,Milwaukee County,15.145634920634915,1.4661765410739008e-23
WI,10,55141,Wood County,15.145634920634915,1.4661765410739008e-23
WV,1,54045,Logan County,6.338369963369963,1.4661765410739008e-23
WV,2,54067,Nicholas County,6.184523809523809,1.4661765410739008e-23
WV,3,54081,Raleigh County,6.184523809523809,1.4661765410739008e-23
WV,4,54083,Randolph County,6.184523809523809,1.4661765410739008e-23
WV,5,54047,Mcdowell County,6.184523809523809,1.4661765410739008e-23
WV,6,54041,Lewis County,6.184523809523809,1.4661765410739008e-23
WV,7,54039,Kanawha County,6.184523809523809,1.4661765410739008e-23
WV,8,54059,Mingo County,6.184523809523809,1.4661765410739008e-23
WV,9,54011,Cabell County,6.184523809523809,3.609049947258833e-23
WV,10,54051,Marshall County,6.184523809523809,1.4661765410739008e-23
WY,1,56037,Sweetwater County,2.645833333333333,4.753744072283053e-18
WY,2,56033,Sheridan County,2.583333333333333,1.4661765410739008e-23
WY,3,56005,Campbell County,2.583333333333333,1.4661765410739008e-23
WY,4,56029,Park County,2.583333333333333,1.4661765410739008e-23
WY,5,56025,Natrona County,2.583333333333333,1.4661765410739008e-23
WY,6,56041,Uinta County,2.583333333333333,1.4661765410739008e-23
WY,7,56017,Hot Springs County,2.045833333333333,8.852239721392696e-17
WY,8,56013,Fremont County,2.0,2.18204325290844e-16
WY,9,56043,Washakie County,1.25,2.726279340288179e-16
WY,10,56035,Sublette County,1.0,1.7940960711643582e-16
