YEAR,STATE_ABBREV,COUNTY_NAME,FIPS,opioid_dispensing_rate,state_rate,target_next_year,predicted_rate,error
2017,GA,Appling County,13001,115.1,71.3,103.3,110.63207341116656,-7.3320734111665615
2018,GA,Appling County,13001,103.3,63.2,63.0,96.65641690466852,-33.65641690466852
2019,GA,Appling County,13001,63.0,58.1,41.9,56.025327701455964,-14.125327701455966
2020,GA,Appling County,13001,41.9,54.0,36.8,34.302117605778776,2.4978823942212216
2021,GA,Appling County,13001,36.8,52.8,42.5,28.98572325915923,13.51427674084077
2022,GA,Appling County,13001,42.5,49.8,40.0,33.56168096817908,6.438319031820917
2017,GA,Atkinson County,13003,66.5,71.3,56.8,63.56792935844902,-6.767929358449024
2018,GA,Atkinson County,13003,56.8,63.2,64.2,51.625908706080736,12.574091293919267
2019,GA,Atkinson County,13003,64.2,58.1,58.8,57.18740533238726,1.6125946676127398
2020,GA,Atkinson County,13003,58.8,54.0,55.5,50.66804424139454,4.83195575860546
2021,GA,Atkinson County,13003,55.5,52.8,49.6,47.09476634117195,2.505233658828054
2022,GA,Atkinson County,13003,49.6,49.8,44.1,40.437306951189264,3.6626930488107377
2017,GA,Bacon County,13005,170.6,71.3,172.7,164.37816384173908,8.321836158260908
2018,GA,Bacon County,13005,172.7,63.2,154.0,163.86323989352854,-9.863239893528544
2019,GA,Bacon County,13005,154.0,58.1,130.4,144.14954804707935,-13.749548047079344
2020,GA,Bacon County,13005,130.4,54.0,131.8,120.00534288696197,11.794657113038042
2021,GA,Bacon County,13005,131.8,52.8,100.0,120.98353570788696,-20.983535707886958
2022,GA,Bacon County,13005,100.0,49.8,96.2,89.24456745030375,6.955432549696255
2019,GA,Baker County,13007,29.2,58.1,44.1,23.293474430224414,20.806525569775587
2020,GA,Baker County,13007,44.1,54.0,49.7,36.43259326248615,13.267406737513852
2021,GA,Baker County,13007,49.7,52.8,44.7,41.47805779167068,3.221942208329324
2022,GA,Baker County,13007,44.7,49.8,42.0,35.692156624886465,6.307843375113535
2017,GA,Baldwin County,13009,90.0,71.3,81.1,86.32528296418694,-5.225282964186945
2018,GA,Baldwin County,13009,81.1,63.2,45.1,75.15798073243951,-30.05798073243951
2019,GA,Baldwin County,13009,45.1,58.1,43.5,38.69100304006411,4.8089969599358895
2020,GA,Baldwin County,13009,43.5,54.0,41.9,35.851554447020504,6.048445552979494
2021,GA,Baldwin County,13009,41.9,52.8,38.9,33.924553190617246,4.975446809382753
2022,GA,Baldwin County,13009,38.9,49.8,37.4,30.07544807538519,7.324551924614809
2017,GA,Banks County,13011,31.6,71.3,39.5,29.770838258863783,9.729161741136217
2018,GA,Banks County,13011,39.5,63.2,8.8,34.87262286015453,-26.072622860154528
2019,GA,Banks County,13011,8.8,58.1,11.3,3.5381547043923582,7.7618452956076425
2020,GA,Banks County,13011,11.3,54.0,9.3,4.669138017030686,4.630861982969314
2021,GA,Banks County,13011,9.3,52.8,9.0,2.3547775503169994,6.645222449683001
2022,GA,Banks County,13011,9.0,49.8,9.5,1.1203471046803593,8.37965289531964
2017,GA,Barrow County,13013,76.0,71.3,68.4,72.7677106033218,-4.367710603321797
2018,GA,Barrow County,13013,68.4,63.2,61.7,62.85932580508329,-1.1593258050832844
2019,GA,Barrow County,13013,61.7,58.1,64.9,54.766410267947066,10.13358973205294
2020,GA,Barrow County,13013,64.9,54.0,58.8,56.57527219862864,2.2247278013713583
2021,GA,Barrow County,13013,58.8,52.8,54.5,50.290479826233025,4.209520173766975
2022,GA,Barrow County,13013,54.5,49.8,48.0,45.18245727749205,2.8175427225079517
2017,GA,Bartow County,13015,99.2,71.3,87.4,95.23454480132689,-7.834544801326885
2018,GA,Bartow County,13015,87.4,63.2,61.7,81.25888829482884,-19.558888294828833
2019,GA,Bartow County,13015,61.7,58.1,64.0,54.766410267947066,9.233589732052934
2020,GA,Bartow County,13015,64.0,54.0,61.0,55.70371397543016,5.296286024569838
2021,GA,Bartow County,13015,61.0,52.8,58.6,52.4209554829404,6.179044517059602
2022,GA,Bartow County,13015,58.6,49.8,61.0,49.15288918317398,11.847110816826017
2017,GA,Ben Hill County,13017,181.2,71.3,162.5,174.6431829149655,-12.143182914965507
2018,GA,Ben Hill County,13017,162.5,63.2,78.3,153.98558003061254,-75.68558003061254
2019,GA,Ben Hill County,13017,78.3,58.1,67.7,70.84181749583,-3.141817495829997
2020,GA,Ben Hill County,13017,67.7,54.0,57.0,59.286786670801675,-2.286786670801675
2021,GA,Ben Hill County,13017,57.0,52.8,57.8,48.54736337983607,9.252636620163926
2022,GA,Ben Hill County,13017,57.8,49.8,62.0,48.378170762553125,13.621829237446875
2017,GA,Berrien County,13019,52.7,71.3,47.3,50.20403660273911,-2.9040366027391116
2018,GA,Berrien County,13019,47.3,63.2,19.9,42.42612746120797,-22.52612746120797
2019,GA,Berrien County,13019,19.9,58.1,15.3,14.287372790506858,1.012627209493143
2020,GA,Berrien County,13019,15.3,54.0,12.5,8.542730120135012,3.957269879864988
2021,GA,Berrien County,13019,12.5,52.8,27.3,5.453651232800457,21.846348767199544
2022,GA,Berrien County,13019,27.3,49.8,38.3,18.842030976382645,19.457969023617352
2017,GA,Bibb County,13021,120.5,71.3,107.2,115.86142275035742,-8.661422750357417
2018,GA,Bibb County,13021,107.2,63.2,131.7,100.43316920519524,31.266830794804747
2019,GA,Bibb County,13021,131.7,58.1,122.5,122.55427207227272,-0.054272072272723904
2020,GA,Bibb County,13021,122.5,54.0,124.0,112.3549984833309,11.645001516669097
2021,GA,Bibb County,13021,124.0,52.8,118.6,113.43003110683351,5.169968893166484
2022,GA,Bibb County,13021,118.6,49.8,112.6,107.25677072973885,5.343229270261148
2017,GA,Bleckley County,13023,123.5,71.3,110.5,118.76661682768564,-8.266616827685638
2018,GA,Bleckley County,13023,110.5,63.2,33.9,103.6288826902563,-69.72888269025631
2019,GA,Bleckley County,13023,33.9,58.1,37.9,27.844945151372002,10.055054848627996
2020,GA,Bleckley County,13023,37.9,54.0,23.8,30.428525502674447,-6.628525502674446
2021,GA,Bleckley County,13023,23.8,52.8,16.1,16.396548924070174,-0.29654892407017286
2022,GA,Bleckley County,13023,16.1,49.8,12.7,7.995973087690537,4.7040269123094625
2017,GA,Brantley County,13025,50.4,71.3,47.5,47.976721143454114,-0.47672114345411387
2018,GA,Brantley County,13025,47.5,63.2,8.9,42.61980706636318,-33.71980706636318
2019,GA,Brantley County,13025,8.9,58.1,7.0,3.634994506969967,3.365005493030033
2020,GA,Brantley County,13025,7.0,54.0,7.2,0.5050265061935377,6.6949734938064625
2021,GA,Brantley County,13025,7.2,52.8,7.4,0.321141696187226,7.078858303812774
2022,GA,Brantley County,13025,7.4,49.8,6.8,-0.4290897365613695,7.229089736561369
2017,GA,Brooks County,13027,88.0,71.3,87.6,84.38848691263478,3.211513087365219
2018,GA,Brooks County,13027,87.6,63.2,95.5,81.45256789998405,14.047432100015953
2019,GA,Brooks County,13027,95.5,58.1,92.1,87.4982635391786,4.6017364608213995
2020,GA,Brooks County,13027,92.1,54.0,77.0,82.91569849973804,-5.915698499738042
2021,GA,Brooks County,13027,77.0,52.8,71.6,67.9153238953577,3.6846761046422927
2022,GA,Brooks County,13027,71.6,49.8,72.4,61.74206351826304,10.657936481736968
2017,GA,Bryan County,13029,82.0,71.3,69.0,78.57809875797828,-9.578098757978282
2018,GA,Bryan County,13029,69.0,63.2,35.5,63.440364620548934,-27.940364620548934
2019,GA,Bryan County,13029,35.5,58.1,21.6,29.39438199261373,-7.794381992613729
2020,GA,Bryan County,13029,21.6,54.0,20.1,14.643637682524322,5.45636231747568
2021,GA,Bryan County,13029,20.1,52.8,20.8,12.813476228698676,7.986523771301325
2022,GA,Bryan County,13029,20.8,49.8,20.4,12.547443808838118,7.852556191161881
2017,GA,Bulloch County,13031,78.1,71.3,68.6,74.80134645745156,-6.201346457451564
2018,GA,Bulloch County,13031,68.6,63.2,85.8,63.0530054102385,22.7469945897615
2019,GA,Bulloch County,13031,85.8,58.1,83.2,78.1048026891506,5.0951973108494
2020,GA,Bulloch County,13031,83.2,54.0,83.2,74.29695607033094,8.903043929669067
2021,GA,Bulloch County,13031,83.2,52.8,72.4,73.9193916551694,-1.5193916551694002
2022,GA,Bulloch County,13031,72.4,49.8,68.5,62.51678193888391,5.983218061116091
2017,GA,Burke County,13033,76.2,71.3,66.5,72.96139020847701,-6.461390208477013
2018,GA,Burke County,13033,66.5,63.2,39.5,61.01936955610873,-21.519369556108728
2019,GA,Burke County,13033,39.5,58.1,35.0,33.26797409571805,1.7320259042819472
2020,GA,Burke County,13033,35.0,54.0,33.7,27.620171227923812,6.0798287720761905
2021,GA,Burke County,13033,33.7,52.8,31.1,25.983689379253377,5.116310620746624
2022,GA,Burke County,13033,31.1,49.8,35.0,22.521943474331756,12.478056525668244
2017,GA,Butts County,13035,91.6,71.3,68.1,87.87471980542865,-19.77471980542866
2018,GA,Butts County,13035,68.1,63.2,41.6,62.56880639735046,-20.968806397350455
2019,GA,Butts County,13035,41.6,58.1,36.7,35.30160994984783,1.398390050152173
2020,GA,Butts County,13035,36.7,54.0,33.6,29.266447871743154,4.333552128256848
2021,GA,Butts County,13035,33.6,52.8,30.5,25.886849576675772,4.613150423324228
2022,GA,Butts County,13035,30.5,49.8,23.6,21.940904658866103,1.6590953411338987
2017,GA,Calhoun County,13037,1.4,71.3,0.1,0.5252178804261298,-0.42521788042612985
2018,GA,Calhoun County,13037,0.1,63.2,14.4,-3.282259355423065,17.682259355423064
2019,GA,Calhoun County,13037,14.4,58.1,13.5,8.961183648738412,4.538816351261588
2020,GA,Calhoun County,13037,13.5,54.0,20.2,6.799613673738065,13.400386326261934
2021,GA,Calhoun County,13037,20.2,52.8,24.0,12.910316031276281,11.089683968723719
2022,GA,Calhoun County,13037,24.0,49.8,22.0,15.646317491321575,6.353682508678425
2017,GA,Camden County,13039,66.1,71.3,54.4,63.180570148138585,-8.780570148138587
2018,GA,Camden County,13039,54.4,63.2,38.7,49.30175344421815,-10.601753444218147
2019,GA,Camden County,13039,38.7,58.1,31.5,32.493255675097195,-0.9932556750971955
2020,GA,Camden County,13039,31.5,54.0,30.6,24.230778137707524,6.369221862292477
2021,GA,Camden County,13039,30.6,52.8,32.3,22.981655499347532,9.318344500652465
2022,GA,Camden County,13039,32.3,49.8,28.9,23.68402110526305,5.215978894736949
2017,GA,Candler County,13043,157.1,71.3,135.1,151.30479049376197,-16.204790493761976
2018,GA,Candler County,13043,135.1,63.2,77.2,127.45147412434791,-50.25147412434791
2019,GA,Candler County,13043,77.2,58.1,73.2,69.77657966747631,3.4234203325236905
2020,GA,Candler County,13043,73.2,54.0,70.6,64.61297581257011,5.987024187429881
2021,GA,Candler County,13043,70.6,52.8,61.1,61.71757653039077,-0.617576530390771
2022,GA,Candler County,13043,61.1,49.8,52.0,51.57388424761419,0.4261157523858117
2017,GA,Carroll County,13045,109.9,71.3,100.3,105.59640367713094,-5.2964036771309395
2018,GA,Carroll County,13045,100.3,63.2,85.7,93.75122282734027,-8.051222827340268
2019,GA,Carroll County,13045,85.7,58.1,75.3,78.00796288657301,-2.7079628865730143
2020,GA,Carroll County,13045,75.3,54.0,71.6,66.64661166669988,4.953388333300111
2021,GA,Carroll County,13045,71.6,52.8,66.0,62.685974556166855,3.3140254438331453
2022,GA,Carroll County,13045,66.0,49.8,59.7,56.319034573916994,3.3809654260830087
2017,GA,Catoosa County,13047,104.4,71.3,91.8,100.27021453536251,-8.470214535362516
2018,GA,Catoosa County,13047,91.8,63.2,38.7,85.51983960824359,-46.81983960824358
2019,GA,Catoosa County,13047,38.7,58.1,33.9,32.493255675097195,1.406744324902803
2020,GA,Catoosa County,13047,33.9,54.0,32.6,26.554933399570125,6.045066600429877
2021,GA,Catoosa County,13047,32.6,52.8,29.4,24.91845155089969,4.481548449100309
2022,GA,Catoosa County,13047,29.4,49.8,29.4,20.875666830512415,8.524333169487583
2017,GA,Charlton County,13049,95.9,71.3,87.2,92.03883131626581,-4.838831316265811
2018,GA,Charlton County,13049,87.2,63.2,55.4,81.06520868967361,-25.665208689673612
2019,GA,Charlton County,13049,55.4,58.1,61.3,48.66550270555774,12.634497294442255
2020,GA,Charlton County,13049,61.3,54.0,56.5,53.089039305834746,3.4109606941652544
2021,GA,Charlton County,13049,56.5,52.8,58.6,48.06316436694803,10.536835633051972
2022,GA,Charlton County,13049,58.6,49.8,49.2,49.15288918317398,0.04711081682602014
2017,GA,Chatham County,13051,77.3,71.3,69.1,74.0266280368307,-4.9266280368307065
2018,GA,Chatham County,13051,69.1,63.2,79.5,63.53720442312654,15.96279557687346
2019,GA,Chatham County,13051,79.5,58.1,75.2,72.0038951267613,3.19610487323871
2020,GA,Chatham County,13051,75.2,54.0,78.1,66.54977186412228,11.550228135877717
2021,GA,Chatham County,13051,78.1,52.8,74.2,68.98056172371138,5.219438276288628
2022,GA,Chatham County,13051,74.2,49.8,69.9,64.25989838528085,5.640101614719157
2019,GA,Chattahoochee County,13053,0.5,58.1,1.0,-4.499548909549116,5.499548909549116
2020,GA,Chattahoochee County,13053,1.0,54.0,1.0,-5.305361648462952,6.305361648462952
2021,GA,Chattahoochee County,13053,1.0,52.8,0.5,-5.682926063624478,6.182926063624478
2022,GA,Chattahoochee County,13053,0.5,49.8,0.3,-7.111036114416329,7.411036114416329
2017,GA,Chattooga County,13055,120.9,71.3,106.2,116.24878196066784,-10.048781960667839
2018,GA,Chattooga County,13055,106.2,63.2,28.0,99.46477117941916,-71.46477117941916
2019,GA,Chattooga County,13055,28.0,58.1,29.4,22.13139679929312,7.2686032007068775
2020,GA,Chattooga County,13055,29.4,54.0,23.0,22.197142283577755,0.8028577164222455
2021,GA,Chattooga County,13055,23.0,52.8,14.6,15.62183050344931,-1.0218305034493103
2022,GA,Chattooga County,13055,14.6,49.8,10.1,6.5433760490264135,3.556623950973586
2017,GA,Cherokee County,13057,63.9,71.3,56.4,61.05009449143121,-4.6500944914312115
2018,GA,Cherokee County,13057,56.4,63.2,55.6,51.2385494957703,4.361450504229701
2019,GA,Cherokee County,13057,55.6,58.1,53.5,48.85918231071297,4.640817689287033
2020,GA,Cherokee County,13057,53.5,54.0,53.5,45.53553470478131,7.964465295218687
2021,GA,Cherokee County,13057,53.5,52.8,51.3,45.15797028961978,6.142029710380214
2022,GA,Cherokee County,13057,51.3,49.8,44.3,42.08358359500859,2.2164164049914064
2017,GA,Clarke County,13059,90.8,71.3,81.2,87.1000013848078,-5.900001384807794
2018,GA,Clarke County,13059,81.2,63.2,138.7,75.25482053501713,63.44517946498286
2019,GA,Clarke County,13059,138.7,58.1,136.1,129.3330582527053,6.7669417472946805
2020,GA,Clarke County,13059,136.1,54.0,135.5,125.52521163388563,9.974788366114367
2021,GA,Clarke County,13059,135.5,52.8,121.8,124.56660840325846,-2.7666084032584592
2022,GA,Clarke County,13059,121.8,49.8,112.7,110.35564441222233,2.3443555877776703
2017,GA,Clay County,13061,42.9,71.3,32.3,40.7137359501335,-8.4137359501335
2018,GA,Clay County,13061,32.3,63.2,84.9,27.90015707456675,56.999842925433256
2019,GA,Clay County,13061,84.9,58.1,15.5,77.23324446595214,-61.73324446595214
2020,GA,Clay County,13061,15.5,54.0,33.0,8.73640972529023,24.26359027470977
2021,GA,Clay County,13061,33.0,52.8,61.3,25.305810761210125,35.99418923878987
2022,GA,Clay County,13061,61.3,49.8,88.9,51.7675638527694,37.13243614723061
2017,GA,Clayton County,13063,39.3,71.3,34.1,37.227503057339604,-3.1275030573396023
2018,GA,Clayton County,13063,34.1,63.2,27.1,29.643273520963696,-2.5432735209636945
2019,GA,Clayton County,13063,27.1,58.1,20.6,21.25983857609465,-0.6598385760946499
2020,GA,Clayton County,13063,20.6,54.0,17.9,13.67523965674824,4.224760343251759
2021,GA,Clayton County,13063,17.9,52.8,20.7,10.683000571991293,10.016999428008706
2022,GA,Clayton County,13063,20.7,49.8,19.6,12.450604006260512,7.149395993739489
2017,GA,Clinch County,13065,145.9,71.3,132.3,140.45873260506988,-8.158732605069872
2018,GA,Clinch County,13065,132.3,63.2,63.7,124.7399596521749,-61.0399596521749
2019,GA,Clinch County,13065,63.7,58.1,70.2,56.703206319499216,13.496793680500787
2020,GA,Clinch County,13065,70.2,54.0,72.7,61.70778173524188,10.992218264758122
2021,GA,Clinch County,13065,72.7,52.8,70.5,63.75121238452054,6.748787615479458
2022,GA,Clinch County,13065,70.5,49.8,58.3,60.67682568990935,-2.376825689909353
2017,GA,Cobb County,13067,54.6,71.3,47.1,52.043992851713654,-4.943992851713652
2018,GA,Cobb County,13067,47.1,63.2,44.5,42.23244785605276,2.267552143947242
2019,GA,Cobb County,13067,44.5,58.1,38.9,38.109964224598464,0.7900357754015346
2020,GA,Cobb County,13067,38.9,54.0,35.4,31.39692352845053,4.00307647154947
2021,GA,Cobb County,13067,35.4,52.8,33.4,27.62996602307271,5.770033976927287
2022,GA,Cobb County,13067,33.4,49.8,33.6,24.749258933616744,8.850741066383257
2017,GA,Coffee County,13069,175.8,71.3,155.4,169.41383357577473,-14.013833575774726
2018,GA,Coffee County,13069,155.4,63.2,164.7,147.10995404760234,17.590045952397645
2019,GA,Coffee County,13069,164.7,58.1,143.5,154.5114069228834,-11.011406922883396
2020,GA,Coffee County,13069,143.5,54.0,125.4,132.69135702462864,-7.291357024628638
2021,GA,Coffee County,13069,125.4,52.8,108.2,114.78578834292004,-6.58578834292004
2022,GA,Coffee County,13069,108.2,49.8,94.4,97.18543126166762,-2.785431261667611
2017,GA,Colquitt County,13071,85.6,71.3,80.1,82.06433165077217,-1.9643316507721806
2018,GA,Colquitt County,13071,80.1,63.2,86.3,74.18958270666343,12.110417293336567
2019,GA,Colquitt County,13071,86.3,58.1,85.6,78.58900170203864,7.0109982979613505
2020,GA,Colquitt County,13071,85.6,54.0,74.9,76.62111133219352,-1.7211113321935159
2021,GA,Colquitt County,13071,74.9,52.8,40.7,65.88168804122793,-25.18168804122793
2022,GA,Colquitt County,13071,40.7,49.8,42.2,31.818564521782136,10.381435478217867
2017,GA,Columbia County,13073,72.1,71.3,62.8,68.99095830279508,-6.190958302795082
2018,GA,Columbia County,13073,62.8,63.2,66.6,57.43629686073723,9.163703139262765
2019,GA,Columbia County,13073,66.6,58.1,60.0,59.51156059424984,0.48843940575015665
2020,GA,Columbia County,13073,60.0,54.0,54.4,51.83012187232585,2.5698781276741514
2021,GA,Columbia County,13073,54.4,52.8,50.3,46.02952851281826,4.270471487181737
2022,GA,Columbia County,13073,50.3,49.8,43.7,41.11518556923251,2.5848144307674943
2017,GA,Cook County,13075,105.6,71.3,97.7,101.43229216629379,-3.7322921662937887
2018,GA,Cook County,13075,97.7,63.2,44.3,91.23338796032247,-46.93338796032248
2019,GA,Cook County,13075,44.3,58.1,44.1,37.916284619443246,6.183715380556755
2020,GA,Cook County,13075,44.1,54.0,44.5,36.43259326248615,8.06740673751385
2021,GA,Cook County,13075,44.5,52.8,41.2,36.44238805763506,4.757611942364946
2022,GA,Cook County,13075,41.2,49.8,38.4,32.30276353467018,6.097236465329821
2017,GA,Coweta County,13077,75.9,71.3,68.2,72.6708708007442,-4.470870800744194
2018,GA,Coweta County,13077,68.2,63.2,51.3,62.66564619992808,-11.36564619992808
2019,GA,Coweta County,13077,51.3,58.1,57.8,44.69507079987581,13.10492920012419
2020,GA,Coweta County,13077,57.8,54.0,62.4,49.69964621561846,12.70035378438154
2021,GA,Coweta County,13077,62.4,52.8,53.0,53.77671271902692,-0.7767127190269179
2022,GA,Coweta County,13077,53.0,49.8,42.1,43.72986023882794,-1.6298602388279377
2017,GA,Crawford County,13079,0.7,71.3,6.3,-0.15266073761712562,6.452660737617125
2018,GA,Crawford County,13079,6.3,63.2,45.8,2.7218084043886357,43.07819159561136
2019,GA,Crawford County,13079,45.8,58.1,48.8,39.36888165810736,9.431118341892635
2020,GA,Crawford County,13079,48.8,54.0,49.1,40.98406398363373,8.11593601636627
2021,GA,Crawford County,13079,49.1,52.8,47.2,40.89701897620503,6.30298102379497
2022,GA,Crawford County,13079,47.2,49.8,44.5,38.11315168932667,6.386848310673329
2017,GA,Crisp County,13081,169.2,71.3,160.7,163.02240660565258,-2.3224066056525885
2018,GA,Crisp County,13081,160.7,63.2,91.3,152.24246358421556,-60.94246358421556
2019,GA,Crisp County,13081,91.3,58.1,98.8,83.43099183091906,15.369008169080942
2020,GA,Crisp County,13081,98.8,54.0,85.7,89.40396527243779,-3.7039652724377845
2021,GA,Crisp County,13081,85.7,52.8,83.2,76.34038671960961,6.859613280390391
2022,GA,Crisp County,13081,83.2,49.8,69.4,72.97548061726559,-3.5754806172655833
2017,GA,Dade County,13083,61.9,71.3,51.1,59.113298439879046,-8.013298439879044
2018,GA,Dade County,13083,51.1,63.2,13.4,46.10603995915707,-32.706039959157074
2019,GA,Dade County,13083,13.4,58.1,8.8,7.992785622962334,0.807214377037667
2020,GA,Dade County,13083,8.8,54.0,12.5,2.2481429525904844,10.251857047409516
2021,GA,Dade County,13083,12.5,52.8,15.1,5.453651232800457,9.646348767199543
2022,GA,Dade County,13083,15.1,49.8,14.6,7.027575061914455,7.572424938085545
2017,GA,Dawson County,13085,142.8,71.3,130.8,137.45669872516402,-6.656698725164006
2018,GA,Dawson County,13085,130.8,63.2,41.0,123.28736261351075,-82.28736261351075
2019,GA,Dawson County,13085,41.0,58.1,35.5,34.720571134382176,0.7794288656178239
2020,GA,Dawson County,13085,35.5,54.0,30.2,28.104370240811853,2.095629759188146
2021,GA,Dawson County,13085,30.2,52.8,31.3,22.594296289037096,8.705703710962904
2022,GA,Dawson County,13085,31.3,49.8,32.5,22.715623079486974,9.784376920513026
2017,GA,Decatur County,13087,120.7,71.3,109.1,116.05510235551263,-6.955102355512636
2018,GA,Decatur County,13087,109.1,63.2,73.5,102.27312545416979,-28.773125454169787
2019,GA,Decatur County,13087,73.5,58.1,67.2,66.19350697210481,1.0064930278951891
2020,GA,Decatur County,13087,67.2,54.0,65.0,58.802587657913634,6.197412342086366
2021,GA,Decatur County,13087,65.0,52.8,60.9,56.29454758604473,4.60545241395527
2022,GA,Decatur County,13087,60.9,49.8,55.5,51.38020464245898,4.119795357541022
2017,GA,Dekalb County,13089,40.2,71.3,35.4,38.09906128053809,-2.699061280538089
2018,GA,Dekalb County,13089,35.4,63.2,47.1,30.902190954472594,16.197809045527407
2019,GA,DeKalb County,13089,47.1,58.1,43.2,40.627799091616275,2.572200908383728
2020,GA,DeKalb County,13089,43.2,54.0,45.2,35.56103503928768,9.638964960712322
2021,GA,DeKalb County,13089,45.2,52.8,43.0,37.120266675678316,5.879733324321684
2022,GA,DeKalb County,13089,43.0,49.8,38.8,34.045879981067124,4.754120018932873
2017,GA,Dodge County,13091,92.7,71.3,73.0,88.93995763378236,-15.939957633782356
2018,GA,Dodge County,13091,73.0,63.2,30.4,67.31395672365326,-36.913956723653264
2019,GA,Dodge County,13091,30.4,58.1,29.1,24.455552061155714,4.644447938844287
2020,GA,Dodge County,13091,29.1,54.0,28.0,21.90662287584493,6.093377124155069
2021,GA,Dodge County,13091,28.0,52.8,26.0,20.463820632329714,5.536179367670286
2022,GA,Dodge County,13091,26.0,49.8,29.5,17.58311354287374,11.91688645712626
2017,GA,Dooly County,13093,0.7,71.3,0.0,-0.15266073761712562,0.15266073761712562
2018,GA,Dooly County,13093,0.0,63.2,2.1,-3.379099158000674,5.479099158000674
2019,GA,Dooly County,13093,2.1,58.1,1.5,-2.9501120683073836,4.450112068307384
2020,GA,Dooly County,13093,1.5,54.0,1.0,-4.821162635574911,5.821162635574911
2021,GA,Dooly County,13093,1.0,52.8,0.9,-5.682926063624478,6.582926063624479
2022,GA,Dooly County,13093,0.9,49.8,3.3,-6.723676904105897,10.023676904105898
2017,GA,Dougherty County,13095,105.7,71.3,90.4,101.52913196887141,-11.129131968871405
2018,GA,Dougherty County,13095,90.4,63.2,115.2,84.16408237215708,31.03591762784292
2019,GA,Dougherty County,13095,115.2,58.1,114.2,106.5757046469674,7.624295353032608
2020,GA,Dougherty County,13095,114.2,54.0,115.2,104.31729486938946,10.882705130610546
2021,GA,Dougherty County,13095,115.2,52.8,106.8,104.90812848000401,1.8918715199959877
2022,GA,Dougherty County,13095,106.8,49.8,103.2,95.8296740255811,7.370325974418904
2017,GA,Douglas County,13097,85.3,71.3,75.4,81.77381224303934,-6.373812243039339
2018,GA,Douglas County,13097,75.4,63.2,46.1,69.63811198551586,-23.53811198551586
2019,GA,Douglas County,13097,46.1,58.1,45.0,39.65940106584019,5.340598934159807
2020,GA,Douglas County,13097,45.0,54.0,43.2,37.30415148568463,5.895848514315375
2021,GA,Douglas County,13097,43.2,52.8,41.3,35.18347062412615,6.116529375873846
2022,GA,Douglas County,13097,41.3,49.8,41.1,32.39960333724778,8.700396662752219
2017,GA,Early County,13099,114.1,71.3,108.6,109.66367538539048,-1.0636753853904821
2018,GA,Early County,13099,108.6,63.2,67.9,101.78892644128175,-33.88892644128174
2019,GA,Early County,13099,67.9,58.1,51.7,60.770478027758756,-9.070478027758753
2020,GA,Early County,13099,51.7,54.0,27.3,43.79241825838437,-16.492418258384372
2021,GA,Early County,13099,27.3,52.8,26.5,19.785942014286462,6.714057985713538
2022,GA,Early County,13099,26.5,49.8,22.0,18.06731255576178,3.932687444238219
2017,GA,Effingham County,13103,71.9,71.3,62.0,68.79727869763987,-6.797278697639868
2018,GA,Effingham County,13103,62.0,63.2,21.2,56.66157844011636,-35.461578440116355
2019,GA,Effingham County,13103,21.2,58.1,21.1,15.546290224015763,5.553709775984238
2020,GA,Effingham County,13103,21.1,54.0,20.9,14.15943866963628,6.740561330363718
2021,GA,Effingham County,13103,20.9,52.8,21.2,13.58819464931954,7.611805350680459
2022,GA,Effingham County,13103,21.2,49.8,20.6,12.934803019148546,7.665196980851455
2017,GA,Elbert County,13105,139.0,71.3,130.6,133.77678622721493,-3.176786227214933
2018,GA,Elbert County,13105,130.6,63.2,60.7,123.09368300835554,-62.39368300835554
2019,GA,Elbert County,13105,60.7,58.1,56.2,53.798012242170984,2.401987757829019
2020,GA,Elbert County,13105,56.2,54.0,57.7,48.15020937437673,9.549790625623274
2021,GA,Elbert County,13105,57.7,52.8,60.6,49.22524199787934,11.374758002120664
2022,GA,Elbert County,13105,60.6,49.8,61.6,51.08968523472615,10.510314765273854
2017,GA,Emanuel County,13107,108.6,71.3,95.9,104.33748624362204,-8.437486243622033
2018,GA,Emanuel County,13107,95.9,63.2,60.2,89.49027151392552,-29.290271513925518
2019,GA,Emanuel County,13107,60.2,58.1,62.2,53.31381322928294,8.88618677071706
2020,GA,Emanuel County,13107,62.2,54.0,64.4,53.96059752903322,10.439402470966783
2021,GA,Emanuel County,13107,64.4,52.8,55.1,55.71350877057908,-0.6135087705790809
2022,GA,Emanuel County,13107,55.1,49.8,54.5,45.76349609295771,8.736503907042291
2017,GA,Evans County,13109,115.4,71.3,90.6,110.92259281889939,-20.322592818899395
2018,GA,Evans County,13109,90.6,63.2,35.4,84.35776197731228,-48.95776197731228
2019,GA,Evans County,13109,35.4,58.1,43.2,29.29754219003612,13.902457809963884
2020,GA,Evans County,13109,43.2,54.0,45.9,35.56103503928768,10.338964960712318
2021,GA,Evans County,13109,45.9,52.8,39.1,37.79814529372157,1.3018547062784336
2022,GA,Evans County,13109,39.1,49.8,36.2,30.269127680540407,5.930872319459596
2017,GA,Fannin County,13111,134.7,71.3,122.1,129.61267471637774,-7.512674716377745
2018,GA,Fannin County,13111,122.1,63.2,88.7,114.86229978925884,-26.16229978925884
2019,GA,Fannin County,13111,88.7,58.1,79.0,80.91315696390124,-1.913156963901244
2020,GA,Fannin County,13111,79.0,54.0,67.1,70.22968436207138,-3.1296843620713872
2021,GA,Fannin County,13111,67.1,52.8,66.9,58.328183440174485,8.571816559825521
2022,GA,Fannin County,13111,66.9,49.8,61.4,57.19059279711546,4.209407202884542
2017,GA,Fayette County,13113,81.7,71.3,74.5,78.28757935024547,-3.7875793502454655
2018,GA,Fayette County,13113,74.5,63.2,77.5,68.76655376231739,8.733446237682614
2019,GA,Fayette County,13113,77.5,58.1,69.3,70.06709907520914,-0.7670990752091456
2020,GA,Fayette County,13113,69.3,54.0,72.4,60.836223512043404,11.563776487956602
2021,GA,Fayette County,13113,72.4,52.8,68.5,63.460692976787726,5.039307023212274
2022,GA,Fayette County,13113,68.5,49.8,63.9,58.740029638357186,5.159970361642813
2017,GA,Floyd County,13115,135.5,71.3,121.8,130.38739313699864,-8.587393136998642
2018,GA,Floyd County,13115,121.8,63.2,162.2,114.57178038152601,47.62821961847398
2019,GA,Floyd County,13115,162.2,58.1,149.2,152.0904118584432,-2.8904118584432013
2020,GA,Floyd County,13115,149.2,54.0,144.9,138.21122577155228,6.688774228447727
2021,GA,Floyd County,13115,144.9,52.8,138.3,133.6695498455536,4.630450154446407
2022,GA,Floyd County,13115,138.3,49.8,128.0,126.33421183752766,1.6657881624723387
2017,GA,Forsyth County,13117,47.2,71.3,41.3,44.877847460970656,-3.577847460970659
2018,GA,Forsyth County,13117,41.3,63.2,29.2,36.615739306551475,-7.415739306551476
2019,GA,Forsyth County,13117,29.2,58.1,27.3,23.293474430224414,4.006525569775587
2020,GA,Forsyth County,13117,27.3,54.0,20.1,20.163506429447985,-0.06350642944798324
2021,GA,Forsyth County,13117,20.1,52.8,16.3,12.813476228698676,3.486523771301325
2022,GA,Forsyth County,13117,16.3,49.8,20.4,8.189652692845755,12.210347307154244
2017,GA,Franklin County,13119,112.4,71.3,112.4,108.01739874157114,4.382601258428863
2018,GA,Franklin County,13119,112.4,63.2,43.8,105.46883893923085,-61.66883893923085
2019,GA,Franklin County,13119,43.8,58.1,37.5,37.432085606555205,0.067914393444795
2020,GA,Franklin County,13119,37.5,54.0,32.2,30.041166292364018,2.158833707635985
2021,GA,Franklin County,13119,32.2,52.8,32.0,24.53109234058926,7.468907659410739
2022,GA,Franklin County,13119,32.0,49.8,31.6,23.393501697530226,8.206498302469775
2017,GA,Fulton County,13121,44.0,71.3,38.3,41.7789737784872,-3.4789737784872017
2018,GA,Fulton County,13121,38.3,63.2,72.0,33.71054522922323,38.28945477077677
2019,GA,Fulton County,13121,72.0,58.1,65.9,64.74090993344069,1.1590900665593153
2020,GA,Fulton County,13121,65.9,54.0,65.0,57.54367022440472,7.456329775595279
2021,GA,Fulton County,13121,65.0,52.8,61.1,56.29454758604473,4.805452413955273
2022,GA,Fulton County,13121,61.1,49.8,58.3,51.57388424761419,6.726115752385809
2017,GA,Gilmer County,13123,118.7,71.3,112.7,114.11830630396047,-1.4183063039604633
2018,GA,Gilmer County,13123,112.7,63.2,52.9,105.75935834696368,-52.85935834696368
2019,GA,Gilmer County,13123,52.9,58.1,51.4,46.244507641117536,5.155492358882462
2020,GA,Gilmer County,13123,51.4,54.0,46.3,43.50189885065154,2.7981011493484544
2021,GA,Gilmer County,13123,46.3,52.8,38.6,38.185504504032,0.41449549596800495
2022,GA,Gilmer County,13123,38.6,49.8,34.0,29.784928667652366,4.215071332347634
2022,GA,Glascock County,13125,1.5,49.8,1.2,-6.142638088640247,7.342638088640247
2017,GA,Glynn County,13127,94.1,71.3,78.2,90.29571486986886,-12.095714869868857
2018,GA,Glynn County,13127,78.2,63.2,78.6,72.34962645768888,6.2503735423111095
2019,GA,Glynn County,13127,78.6,58.1,74.9,71.13233690356282,3.7676630964371896
2020,GA,Glynn County,13127,74.9,54.0,71.4,66.25925245638946,5.140747543610544
2021,GA,Glynn County,13127,71.4,52.8,70.0,62.492294951011644,7.507705048988356
2022,GA,Glynn County,13127,70.0,49.8,63.6,60.19262667702131,3.4073733229786924
2017,GA,Gordon County,13129,106.3,71.3,95.6,102.11017078433706,-6.510170784337063
2018,GA,Gordon County,13129,95.6,63.2,65.5,89.19975210619269,-23.69975210619269
2019,GA,Gordon County,13129,65.5,58.1,70.8,58.44632276589617,12.353677234103827
2020,GA,Gordon County,13129,70.8,54.0,71.1,62.28882055070751,8.811179449292482
2021,GA,Gordon County,13129,71.1,52.8,72.7,62.20177554327881,10.49822445672119
2022,GA,Gordon County,13129,72.7,49.8,81.9,62.807301346616725,19.09269865338328
2017,GA,Grady County,13131,77.5,71.3,66.5,74.22030764198593,-7.720307641985926
2018,GA,Grady County,13131,66.5,63.2,33.6,61.01936955610873,-27.419369556108727
2019,GA,Grady County,13131,33.6,58.1,33.0,27.55442574363918,5.445574256360821
2020,GA,Grady County,13131,33.0,54.0,28.3,25.683375176371648,2.616624823628353
2021,GA,Grady County,13131,28.3,52.8,27.2,20.754340040062544,6.445659959937455
2022,GA,Grady County,13131,27.2,49.8,28.6,18.74519117380504,9.854808826194962
2017,GA,Greene County,13133,129.3,71.3,104.3,124.38332537718692,-20.083325377186924
2018,GA,Greene County,13133,104.3,63.2,54.6,97.6248149304446,-43.0248149304446
2019,GA,Greene County,13133,54.6,58.1,48.8,47.890784284936885,0.9092157150631124
2020,GA,Greene County,13133,48.8,54.0,51.8,40.98406398363373,10.815936016366265
2021,GA,Greene County,13133,51.8,52.8,48.5,43.51169364580045,4.988306354199551
2022,GA,Greene County,13133,48.5,49.8,42.6,39.37206912283557,3.2279308771644324
2017,GA,Gwinnett County,13135,43.4,71.3,38.1,41.19793496302154,-3.0979349630215367
2018,GA,Gwinnett County,13135,38.1,63.2,31.5,33.51686562406802,-2.016865624068018
2019,GA,Gwinnett County,13135,31.5,58.1,28.9,25.520789889509402,3.3792101104905967
2020,GA,Gwinnett County,13135,28.9,54.0,29.8,21.712943270689713,8.087056729310287
2021,GA,Gwinnett County,13135,29.8,52.8,29.0,22.20693707872666,6.793062921273339
2022,GA,Gwinnett County,13135,29.0,49.8,27.6,20.488307620201986,7.111692379798015
2017,GA,Habersham County,13137,100.7,71.3,87.2,96.68714183999101,-9.487141839991011
2018,GA,Habersham County,13137,87.2,63.2,28.3,81.06520868967361,-52.765208689673614
2019,GA,Habersham County,13137,28.3,58.1,27.1,22.421916207025944,4.678083792974057
2020,GA,Habersham County,13137,27.1,54.0,23.7,19.969826824292774,3.7301731757072254
2021,GA,Habersham County,13137,23.7,52.8,21.1,16.29970912149257,4.8002908785074325
2022,GA,Habersham County,13137,21.1,49.8,20.4,12.837963216570941,7.562036783429058
2017,GA,Hall County,13139,87.6,71.3,77.6,84.00112770232434,-6.401127702324345
2018,GA,Hall County,13139,77.6,63.2,80.5,71.76858764222322,8.731412357776776
2019,GA,Hall County,13139,80.5,58.1,78.9,72.97229315253738,5.92770684746263
2020,GA,Hall County,13139,78.9,54.0,84.1,70.13284455949379,13.967155440506204
2021,GA,Hall County,13139,84.1,52.8,79.0,74.79094987836787,4.209050121632131
2022,GA,Hall County,13139,79.0,49.8,77.9,68.90820890900604,8.99179109099397
2017,GA,Hancock County,13141,45.7,71.3,37.7,43.42525042230653,-5.72525042230653
2018,GA,Hancock County,13141,37.7,63.2,11.4,33.12950641375759,-21.72950641375759
2019,GA,Hancock County,13141,11.4,58.1,9.8,6.055989571410169,3.7440104285898315
2020,GA,Hancock County,13141,9.8,54.0,10.2,3.2165409783665666,6.983459021633433
2021,GA,Hancock County,13141,10.2,52.8,9.9,3.226335773515469,6.673664226484531
2022,GA,Hancock County,13141,9.9,49.8,7.7,1.9919053278788326,5.708094672121168
2017,GA,Haralson County,13143,180.2,71.3,158.1,173.67478488918943,-15.57478488918943
2018,GA,Haralson County,13143,158.1,63.2,44.3,149.7246287171978,-105.42462871719779
2019,GA,Haralson County,13143,44.3,58.1,44.2,37.916284619443246,6.283715380556757
2020,GA,Haralson County,13143,44.2,54.0,51.3,36.52943306506376,14.770566934936234
2021,GA,Haralson County,13143,51.3,52.8,49.9,43.02749463291241,6.872505367087591
2022,GA,Haralson County,13143,49.9,49.8,51.1,40.72782635892208,10.372173641077922
2017,GA,Harris County,13145,5.6,71.3,5.7,4.59248958868567,1.1075104113143306
2018,GA,Harris County,13145,5.7,63.2,4.3,2.140769588922989,2.1592304110770106
2019,GA,Harris County,13145,4.3,58.1,4.3,-0.8196364116000048,5.119636411600005
2020,GA,Harris County,13145,4.3,54.0,4.0,-2.109648163401882,6.109648163401882
2021,GA,Harris County,13145,4.0,52.8,3.6,-2.777731986296235,6.377731986296235
2022,GA,Harris County,13145,3.6,49.8,4.2,-4.109002234510477,8.309002234510476
2017,GA,Hart County,13147,102.1,71.3,90.7,98.04289907607752,-7.342899076077515
2018,GA,Hart County,13147,90.7,63.2,34.8,84.4546017798899,-49.6546017798899
2019,GA,Hart County,13147,34.8,58.1,34.8,28.716503374570472,6.083496625429525
2020,GA,Hart County,13147,34.8,54.0,31.2,27.426491622768594,3.773508377231405
2021,GA,Hart County,13147,31.2,52.8,26.7,23.56269431481318,3.1373056851868206
2022,GA,Hart County,13147,26.7,49.8,26.1,18.260992160917,7.839007839083003
2017,GA,Heard County,13149,0.5,71.3,0.0,-0.3463403427723435,0.3463403427723435
2018,GA,Heard County,13149,0.0,63.2,0.1,-3.379099158000674,3.479099158000674
2019,GA,Heard County,13149,0.1,58.1,0.1,-4.886908119859548,4.986908119859548
2020,GA,Heard County,13149,0.1,54.0,0.0,-6.1769198716614255,6.1769198716614255
2021,GA,Heard County,13149,0.0,52.8,0.1,-6.651324089400557,6.751324089400557
2022,GA,Heard County,13149,0.1,49.8,0.0,-7.498395324726761,7.498395324726761
2017,GA,Henry County,13151,70.8,71.3,63.3,67.73204086928617,-4.432040869286169
2018,GA,Henry County,13151,63.3,63.2,47.7,57.92049587362527,-10.220495873625268
2019,GA,Henry County,13151,47.7,58.1,41.6,41.208837907081914,0.391162092918087
2020,GA,Henry County,13151,41.6,54.0,43.3,34.01159819804595,9.288401801954045
2021,GA,Henry County,13151,43.3,52.8,43.2,35.28031042670376,7.919689573296246
2022,GA,Henry County,13151,43.2,49.8,44.1,34.23955958622234,9.86044041377766
2017,GA,Houston County,13153,86.7,71.3,76.8,83.12956947912586,-6.329569479125865
2018,GA,Houston County,13153,76.8,63.2,58.3,70.99386922160237,-12.69386922160237
2019,GA,Houston County,13153,58.3,58.1,54.6,51.47385698030838,3.126143019691618
2020,GA,Houston County,13153,54.6,54.0,55.9,46.600772533135,9.299227466864998
2021,GA,Houston County,13153,55.9,52.8,54.3,47.48212555148238,6.817874448517614
2022,GA,Houston County,13153,54.3,49.8,52.1,44.98877767233684,7.111222327663164
2017,GA,Irwin County,13155,55.5,71.3,59.7,52.91555107491213,6.784448925087872
2018,GA,Irwin County,13155,59.7,63.2,37.0,54.43426298083138,-17.434262980831377
2019,GA,Irwin County,13155,37.0,58.1,29.8,30.846979031277854,-1.0469790312778535
2020,GA,Irwin County,13155,29.8,54.0,29.5,22.58450149388819,6.91549850611181
2021,GA,Irwin County,13155,29.5,52.8,27.6,21.916417670993837,5.683582329006164
2022,GA,Irwin County,13155,27.6,49.8,38.6,19.13255038411547,19.467449615884533
2017,GA,Jackson County,13157,108.4,71.3,97.4,104.14380663846684,-6.743806638466836
2018,GA,Jackson County,13157,97.4,63.2,47.8,90.94286855258964,-43.14286855258965
2019,GA,Jackson County,13157,47.8,58.1,47.0,41.30567770965952,5.69432229034048
2020,GA,Jackson County,13157,47.0,54.0,47.0,39.240947537236785,7.759052462763215
2021,GA,Jackson County,13157,47.0,52.8,42.5,38.863383122075255,3.6366168779247445
2022,GA,Jackson County,13157,42.5,49.8,42.6,33.56168096817908,9.038319031820919
2017,GA,Jasper County,13159,57.3,71.3,47.7,54.65866752130907,-6.958667521309067
2018,GA,Jasper County,13159,47.7,63.2,22.3,42.813486671518405,-20.513486671518404
2019,GA,Jasper County,13159,22.3,58.1,22.6,16.611528052369458,5.9884719476305435
2020,GA,Jasper County,13159,22.6,54.0,20.2,15.612035708300404,4.5879642916995955
2021,GA,Jasper County,13159,20.2,52.8,18.3,12.910316031276281,5.38968396872372
2022,GA,Jasper County,13159,18.3,49.8,19.8,10.126448744397912,9.673551255602089
2017,GA,Jeff Davis County,13161,84.4,71.3,72.5,80.90225401984088,-8.402254019840882
2018,GA,Jeff Davis County,13161,72.5,63.2,33.6,66.82975771076522,-33.22975771076522
2019,GA,Jeff Davis County,13161,33.6,58.1,32.5,27.55442574363918,4.945574256360821
2020,GA,Jeff Davis County,13161,32.5,54.0,29.9,25.199176163483607,4.700823836516392
2021,GA,Jeff Davis County,13161,29.9,52.8,40.6,22.303776881304266,18.296223118695735
2022,GA,Jeff Davis County,13161,40.6,49.8,48.6,31.72172471920453,16.87827528079547
2017,GA,Jefferson County,13163,113.8,71.3,91.3,109.37315597765765,-18.07315597765765
2018,GA,Jefferson County,13163,91.3,63.2,44.6,85.03564059535555,-40.435640595355544
2019,GA,Jefferson County,13163,44.6,58.1,39.9,38.20680402717607,1.6931959728239292
2020,GA,Jefferson County,13163,39.9,54.0,39.1,32.36532155422661,6.73467844577339
2021,GA,Jefferson County,13163,39.1,52.8,34.5,31.213038718444217,3.286961281555783
2022,GA,Jefferson County,13163,34.5,49.8,30.1,25.81449676197043,4.28550323802957
2017,GA,Jenkins County,13165,26.8,71.3,16.9,25.122527735138597,-8.222527735138598
2018,GA,Jenkins County,13165,16.9,63.2,27.9,12.986827477615094,14.913172522384905
2019,GA,Jenkins County,13165,27.9,58.1,32.8,22.03455699671551,10.765443003284489
2020,GA,Jenkins County,13165,32.8,54.0,35.7,25.48969557121643,10.210304428783573
2021,GA,Jenkins County,13165,35.7,52.8,38.1,27.92048543080554,10.17951456919446
2022,GA,Jenkins County,13165,38.1,49.8,66.1,29.300729654764325,36.79927034523567
2017,GA,Johnson County,13167,3.0,71.3,18.5,2.0746547216678586,16.42534527833214
2019,GA,Johnson County,13167,18.5,58.1,19.9,12.931615554420347,6.968384445579652
2020,GA,Johnson County,13167,19.9,54.0,10.7,12.99736103870498,-2.297361038704981
2021,GA,Johnson County,13167,10.7,52.8,15.5,3.7105347864035103,11.78946521359649
2022,GA,Johnson County,13167,15.5,49.8,7.3,7.414934272224887,-0.11493427222488695
2017,GA,Jones County,13169,51.3,71.3,45.5,48.84827936665259,-3.3482793666525907
2018,GA,Jones County,13169,45.5,63.2,26.7,40.68301101481102,-13.983011014811023
2019,GA,Jones County,13169,26.7,58.1,24.8,20.872479365784216,3.927520634215785
2020,GA,Jones County,13169,24.8,54.0,23.1,17.742511365007786,5.357488634992215
2021,GA,Jones County,13169,23.1,52.8,20.5,15.718670306026922,4.781329693973078
2022,GA,Jones County,13169,20.5,49.8,23.4,12.256924401105294,11.143075598894704
2017,GA,Lamar County,13171,65.1,71.3,67.1,62.2121721223625,4.887827877637491
2018,GA,Lamar County,13171,67.1,63.2,20.8,61.600408371574375,-40.80040837157438
2019,GA,Lamar County,13171,20.8,58.1,17.0,15.158931013705335,1.8410689862946654
2020,GA,Lamar County,13171,17.0,54.0,16.6,10.189006763954346,6.410993236045655
2021,GA,Lamar County,13171,16.6,52.8,18.4,9.424083138482395,8.975916861517604
2022,GA,Lamar County,13171,18.4,49.8,17.6,10.223288546975525,7.376711453024477
2017,GA,Lanier County,13173,69.6,71.3,66.4,66.56996323835487,-0.16996323835486749
2018,GA,Lanier County,13173,66.4,63.2,28.6,60.92252975353114,-32.322529753531136
2019,GA,Lanier County,13173,28.6,58.1,28.7,22.712435614758768,5.987564385241232
2020,GA,Lanier County,13173,28.7,54.0,25.8,21.519263665534496,4.280736334465505
2021,GA,Lanier County,13173,25.8,52.8,28.4,18.33334497562234,10.06665502437766
2022,GA,Lanier County,13173,28.4,49.8,22.8,19.907268804736333,2.892731195263668
2017,GA,Laurens County,13175,115.7,71.3,100.6,111.21311222663222,-10.613112226632225
2018,GA,Laurens County,13175,100.6,63.2,104.0,94.0417422350731,9.958257764926898
2019,GA,Laurens County,13175,104.0,58.1,92.8,95.7296467582753,-2.9296467582752967
2020,GA,Laurens County,13175,92.8,54.0,84.4,83.59357711778131,0.8064228822186976
2021,GA,Laurens County,13175,84.4,52.8,79.9,75.0814692861007,4.818530713899307
2022,GA,Laurens County,13175,79.9,49.8,75.6,69.77976713220453,5.820232867795468
2017,GA,Lee County,13177,46.4,71.3,40.4,44.103129040349785,-3.7031290403497863
2018,GA,Lee County,13177,40.4,63.2,31.4,35.744181083353006,-4.344181083353007
2019,GA,Lee County,13177,31.4,58.1,26.1,25.423950086931796,0.6760499130682049
2020,GA,Lee County,13177,26.1,54.0,24.7,19.00142879851669,5.698571201483308
2021,GA,Lee County,13177,24.7,52.8,26.5,17.268107147268644,9.231892852731356
2022,GA,Lee County,13177,26.5,49.8,28.1,18.06731255576178,10.03268744423822
2017,GA,Liberty County,13179,52.3,71.3,46.5,49.81667739242866,-3.3166773924286588
2018,GA,Liberty County,13179,46.5,63.2,40.0,41.6514090405871,-1.6514090405870974
2019,GA,Liberty County,13179,40.0,58.1,31.4,33.752173108606094,-2.3521731086060953
2020,GA,Liberty County,13179,31.4,54.0,31.2,24.13393833512992,7.06606166487008
2021,GA,Liberty County,13179,31.2,52.8,27.5,23.56269431481318,3.9373056851868213
2022,GA,Liberty County,13179,27.5,49.8,23.5,19.035710581537863,4.464289418462137
2017,GA,Lincoln County,13181,36.0,71.3,30.1,34.03178957227854,-3.9317895722785394
2018,GA,Lincoln County,13181,30.1,63.2,46.9,25.769681417859374,21.130318582140625
2019,GA,Lincoln County,13181,46.9,58.1,67.9,40.43411948646106,27.46588051353895
2020,GA,Lincoln County,13181,67.9,54.0,65.2,59.480466275956886,5.719533724043117
2021,GA,Lincoln County,13181,65.2,52.8,63.0,56.48822719119994,6.51177280880006
2022,GA,Lincoln County,13181,63.0,49.8,52.4,53.41384049658875,-1.0138404965887489
2017,GA,Long County,13183,0.1,71.3,1.2,-0.7336995530827757,1.9336995530827756
2019,GA,Long County,13183,1.2,58.1,0.2,-3.821670291505857,4.021670291505857
2020,GA,Long County,13183,0.2,54.0,0.0,-6.080080069083817,6.080080069083817
2017,GA,Lowndes County,13185,86.2,71.3,83.5,82.64537046623784,0.8546295337621643
2018,GA,Lowndes County,13185,83.5,63.2,79.1,77.48213599430211,1.6178640056978821
2019,GA,Lowndes County,13185,79.1,58.1,70.2,71.61653591645086,-1.4165359164508544
2020,GA,Lowndes County,13185,70.2,54.0,75.0,61.70778173524188,13.29221826475812
2021,GA,Lowndes County,13185,75.0,52.8,72.8,65.97852784380554,6.82147215619446
2022,GA,Lowndes County,13185,72.8,49.8,67.9,62.90414114919433,4.995858850805675
2017,GA,Lumpkin County,13187,73.5,71.3,66.9,70.3467155388816,-3.446715538881591
2018,GA,Lumpkin County,13187,66.9,63.2,21.7,61.406728766419164,-39.70672876641916
2019,GA,Lumpkin County,13187,21.7,58.1,22.9,16.030489236903804,6.869510763096194
2020,GA,Lumpkin County,13187,22.9,54.0,25.2,15.902555116033227,9.297444883966772
2021,GA,Lumpkin County,13187,25.2,52.8,22.5,17.752306160156685,4.747693839843315
2022,GA,Lumpkin County,13187,22.5,49.8,16.1,14.193720452657459,1.9062795473425425
2017,GA,Mcduffie County,13189,141.6,71.3,118.5,136.2946210942327,-17.794621094232696
2018,GA,Mcduffie County,13189,118.5,63.2,71.4,111.37606689646496,-39.97606689646496
2019,GA,McDuffie County,13189,71.4,58.1,62.9,64.15987111797504,-1.2598711179750453
2020,GA,McDuffie County,13189,62.9,54.0,58.1,54.638476147076474,3.461523852923527
2021,GA,McDuffie County,13189,58.1,52.8,52.2,49.61260120818976,2.5873987918102443
2022,GA,McDuffie County,13189,52.2,49.8,48.3,42.95514181820707,5.3448581817929295
2017,GA,Mcintosh County,13191,65.6,71.3,45.4,62.696371135250544,-17.296371135250546
2018,GA,Mcintosh County,13191,45.4,63.2,6.1,40.58617121223341,-34.48617121223341
2019,GA,McIntosh County,13191,6.1,58.1,6.4,0.9234800347969383,5.476519965203062
2020,GA,McIntosh County,13191,6.4,54.0,4.4,-0.07601230927211233,4.476012309272113
2021,GA,McIntosh County,13191,4.4,52.8,4.4,-2.3903727759857993,6.7903727759858
2022,GA,McIntosh County,13191,4.4,49.8,3.2,-3.3342838138896127,6.534283813889613
2017,GA,Macon County,13193,67.8,71.3,68.9,64.82684679195793,4.073153208042072
2018,GA,Macon County,13193,68.9,63.2,32.4,63.34352481797133,-30.94352481797133
2019,GA,Macon County,13193,32.4,58.1,27.1,26.39234811270788,0.7076518872921227
2020,GA,Macon County,13193,27.1,54.0,24.2,19.969826824292774,4.230173175707225
2021,GA,Macon County,13193,24.2,52.8,28.0,16.78390813438061,11.21609186561939
2022,GA,Macon County,13193,28.0,49.8,21.2,19.519909594425904,1.680090405574095
2017,GA,Madison County,13195,92.0,71.3,77.1,88.2620790157391,-11.16207901573911
2018,GA,Madison County,13195,77.1,63.2,6.6,71.28438862933518,-64.68438862933519
2019,GA,Madison County,13195,6.6,58.1,5.5,1.4076790476849794,4.092320952315021
2020,GA,Madison County,13195,5.5,54.0,5.1,-0.9475705324705856,6.047570532470585
2021,GA,Madison County,13195,5.1,52.8,4.2,-1.712494157942544,5.912494157942544
2022,GA,Madison County,13195,4.2,49.8,4.4,-3.5279634190448306,7.927963419044831
2017,GA,Marion County,13197,17.1,71.3,16.6,15.729066885110605,0.8709331148893966
2018,GA,Marion County,13197,16.6,63.2,2.0,12.696308069882278,-10.696308069882278
2019,GA,Marion County,13197,2.0,58.1,1.8,-3.0469518708849925,4.846951870884992
2020,GA,Marion County,13197,1.8,54.0,2.0,-4.530643227842088,6.530643227842088
2021,GA,Marion County,13197,2.0,52.8,2.0,-4.714528037848396,6.714528037848396
2022,GA,Marion County,13197,2.0,49.8,2.6,-5.658439075752209,8.258439075752209
2017,GA,Meriwether County,13199,76.4,71.3,71.9,73.15506981363224,-1.2550698136322325
2018,GA,Meriwether County,13199,71.9,63.2,38.4,66.24871889529958,-27.848718895299577
2019,GA,Meriwether County,13199,38.4,58.1,36.3,32.202736267364365,4.097263732635632
2020,GA,Meriwether County,13199,36.3,54.0,26.9,28.879088661432718,-1.9790886614327192
2021,GA,Meriwether County,13199,26.9,52.8,3.0,19.398582803976026,-16.398582803976026
2022,GA,Meriwether County,13199,3.0,49.8,2.8,-4.690041049976127,7.490041049976127
2017,GA,Miller County,13201,100.2,71.3,90.4,96.20294282710297,-5.802942827102967
2018,GA,Miller County,13201,90.4,63.2,76.4,84.16408237215708,-7.764082372157077
2019,GA,Miller County,13201,76.4,58.1,70.3,69.00186124685546,1.298138753144542
2020,GA,Miller County,13201,70.3,54.0,72.1,61.80462153781947,10.295378462180523
2021,GA,Miller County,13201,72.1,52.8,68.2,63.170173569054896,5.029826430945107
2022,GA,Miller County,13201,68.2,49.8,71.7,58.44951023062437,13.250489769375633
2017,GA,Mitchell County,13205,93.5,71.3,90.6,89.71467605440321,0.885323945596781
2018,GA,Mitchell County,13205,90.6,63.2,47.1,84.35776197731228,-37.25776197731228
2019,GA,Mitchell County,13205,47.1,58.1,38.4,40.627799091616275,-2.2277990916162764
2020,GA,Mitchell County,13205,38.4,54.0,36.5,30.912724515562488,5.587275484437512
2021,GA,Mitchell County,13205,36.5,52.8,35.7,28.695203851426406,7.004796148573597
2022,GA,Mitchell County,13205,35.7,49.8,31.1,26.976574392901732,4.1234256070982696
2017,GA,Monroe County,13207,66.6,71.3,59.7,63.664769161026626,-3.9647691610266236
2018,GA,Monroe County,13207,59.7,63.2,25.4,54.43426298083138,-29.03426298083138
2019,GA,Monroe County,13207,25.4,58.1,22.7,19.61356193227531,3.086438067724689
2020,GA,Monroe County,13207,22.7,54.0,21.2,15.70887551087801,5.49112448912199
2021,GA,Monroe County,13207,21.2,52.8,14.8,13.878714057052363,0.9212859429476374
2022,GA,Monroe County,13207,14.8,49.8,12.8,6.737055654181631,6.062944345818369
2017,GA,Montgomery County,13209,47.4,71.3,30.8,45.07152706612587,-14.271527066125866
2018,GA,Montgomery County,13209,30.8,63.2,15.9,26.447560035902626,-10.547560035902626
2019,GA,Montgomery County,13209,15.9,58.1,14.4,10.413780687402536,3.9862193125974645
2020,GA,Montgomery County,13209,14.4,54.0,11.4,7.671171896936539,3.728828103063462
2021,GA,Montgomery County,13209,11.4,52.8,0.2,4.388413404446769,-4.188413404446769
2022,GA,Montgomery County,13209,0.2,49.8,0.5,-7.401555522149154,7.901555522149154
2017,GA,Morgan County,13211,76.7,71.3,62.0,73.44558922136505,-11.445589221365054
2018,GA,Morgan County,13211,62.0,63.2,43.7,56.66157844011636,-12.961578440116355
2019,GA,Morgan County,13211,43.7,58.1,21.5,37.3352458039776,-15.8352458039776
2020,GA,Morgan County,13211,21.5,54.0,20.2,14.546797879946716,5.653202120053283
2021,GA,Morgan County,13211,20.2,52.8,19.4,12.910316031276281,6.4896839687237176
2022,GA,Morgan County,13211,19.4,49.8,18.7,11.1916865727516,7.5083134272484
2017,GA,Murray County,13213,86.6,71.3,76.5,83.03272967654826,-6.532729676548257
2018,GA,Murray County,13213,76.5,63.2,30.8,70.70334981386955,-39.90334981386955
2019,GA,Murray County,13213,30.8,58.1,31.1,24.84291127146615,6.2570887285338515
2020,GA,Murray County,13213,31.1,54.0,29.4,23.843418927397096,5.556581072602903
2021,GA,Murray County,13213,29.4,52.8,28.3,21.819577868416232,6.480422131583769
2022,GA,Murray County,13213,28.3,49.8,23.5,19.810429002158727,3.6895709978412725
2017,GA,Muscogee County,13215,87.1,71.3,75.7,83.5169286894363,-7.8169286894362955
2018,GA,Muscogee County,13215,75.7,63.2,107.8,69.92863139324868,37.87136860675132
2019,GA,Muscogee County,13215,107.8,58.1,97.6,99.4095592562244,-1.8095592562244036
2020,GA,Muscogee County,13215,97.6,54.0,91.5,88.2418876415065,3.2581123584935057
2021,GA,Muscogee County,13215,91.5,52.8,85.6,81.95709526911088,3.6429047308891143
2022,GA,Muscogee County,13215,85.6,49.8,86.8,75.29963587912818,11.500364120871822
2017,GA,Newton County,13217,75.6,71.3,66.3,72.38035139301135,-6.080351393011355
2018,GA,Newton County,13217,66.3,63.2,37.1,60.82568995095352,-23.725689950953516
2019,GA,Newton County,13217,37.1,58.1,37.2,30.94381883385546,6.256181166144543
2020,GA,Newton County,13217,37.2,54.0,33.4,29.750646884631195,3.649353115368804
2021,GA,Newton County,13217,33.4,52.8,16.6,25.693169971520554,-9.093169971520553
2022,GA,Newton County,13217,16.6,49.8,16.4,8.480172100578582,7.919827899421417
2017,GA,Oconee County,13219,60.0,71.3,55.7,57.2733421909045,-1.5733421909044978
2018,GA,Oconee County,13219,55.7,63.2,41.0,50.56067087772705,-9.560670877727048
2019,GA,Oconee County,13219,41.0,58.1,39.0,34.720571134382176,4.279428865617824
2020,GA,Oconee County,13219,39.0,54.0,40.3,31.49376333102814,8.806236668971856
2021,GA,Oconee County,13219,40.3,52.8,41.7,32.37511634937551,9.324883650624493
2022,GA,Oconee County,13219,41.7,49.8,47.5,32.78696254755822,14.713037452441782
2017,GA,Oglethorpe County,13221,37.0,71.3,33.1,35.00018759805462,-1.9001875980546217
2018,GA,Oglethorpe County,13221,33.1,63.2,4.1,28.674875495187614,-24.574875495187612
2019,GA,Oglethorpe County,13221,4.1,58.1,3.8,-1.0133160167552226,4.8133160167552225
2020,GA,Oglethorpe County,13221,3.8,54.0,3.4,-2.5938471762899233,5.993847176289924
2021,GA,Oglethorpe County,13221,3.4,52.8,1.6,-3.3587708017618816,4.958770801761881
2022,GA,Oglethorpe County,13221,1.6,49.8,2.2,-6.045798286062642,8.24579828606264
2017,GA,Paulding County,13223,53.0,71.3,46.4,50.494556010471925,-4.094556010471926
2018,GA,Paulding County,13223,46.4,63.2,26.8,41.55456923800949,-14.754569238009491
2019,GA,Paulding County,13223,26.8,58.1,26.4,20.96931916836182,5.430680831638178
2020,GA,Paulding County,13223,26.4,54.0,29.8,19.291948206249508,10.508051793750493
2021,GA,Paulding County,13223,29.8,52.8,23.7,22.20693707872666,1.4930629212733386
2022,GA,Paulding County,13223,23.7,49.8,16.1,15.355798083588752,0.7442019164112494
2017,GA,Peach County,13225,79.8,71.3,71.9,76.4476231012709,-4.547623101270901
2018,GA,Peach County,13225,71.9,63.2,45.8,66.24871889529958,-20.448718895299578
2019,GA,Peach County,13225,45.8,58.1,45.9,39.36888165810736,6.531118341892636
2020,GA,Peach County,13225,45.9,54.0,41.0,38.1757097088831,2.8242902911169026
2021,GA,Peach County,13225,41.0,52.8,36.7,33.05299496741877,3.6470050325812338
2022,GA,Peach County,13225,36.7,49.8,36.6,27.944972418677814,8.655027581322187
2017,GA,Pickens County,13227,112.0,71.3,101.9,107.63003953126072,-5.730039531260715
2018,GA,Pickens County,13227,101.9,63.2,32.7,95.30065966858201,-62.60065966858201
2019,GA,Pickens County,13227,32.7,58.1,32.7,26.682867520440702,6.017132479559301
2020,GA,Pickens County,13227,32.7,54.0,32.0,25.392855768638825,6.6071442313611755
2021,GA,Pickens County,13227,32.0,52.8,45.7,24.337412735434043,21.36258726456596
2022,GA,Pickens County,13227,45.7,49.8,49.7,36.66055465066255,13.039445349337456
2017,GA,Pierce County,13229,62.4,71.3,55.4,59.59749745276709,-4.197497452767088
2018,GA,Pierce County,13229,55.4,63.2,40.1,50.27015146999423,-10.17015146999423
2019,GA,Pierce County,13229,40.1,58.1,35.2,33.849012911183706,1.3509870888162965
2020,GA,Pierce County,13229,35.2,54.0,37.7,27.81385083307903,9.886149166920973
2021,GA,Pierce County,13229,37.7,52.8,35.9,29.857281482357706,6.042718517642292
2022,GA,Pierce County,13229,35.9,49.8,32.8,27.170253998056943,5.6297460019430545
2017,GA,Pike County,13231,10.9,71.3,10.0,9.7249991252989,0.27500087470109946
2018,GA,Pike County,13231,10.0,63.2,4.0,6.304881099760138,-2.304881099760138
2019,GA,Pike County,13231,4.0,58.1,5.1,-1.1101558193328316,6.210155819332831
2020,GA,Pike County,13231,5.1,54.0,3.8,-1.3349297427810178,5.134929742781018
2021,GA,Pike County,13231,3.8,52.8,4.2,-2.9714115914514494,7.17141159145145
2022,GA,Pike County,13231,4.2,49.8,4.8,-3.5279634190448306,8.327963419044831
2017,GA,Polk County,13233,152.6,71.3,138.5,146.9469993777696,-8.4469993777696
2018,GA,Polk County,13233,138.5,63.2,30.4,130.74402741198656,-100.34402741198656
2019,GA,Polk County,13233,30.4,58.1,29.5,24.455552061155714,5.044447938844286
2020,GA,Polk County,13233,29.5,54.0,25.4,22.293982086155367,3.1060179138446316
2021,GA,Polk County,13233,25.4,52.8,21.0,17.945985765311903,3.054014234688097
2022,GA,Polk County,13233,21.0,49.8,19.4,12.741123413993336,6.658876586006663
2017,GA,Pulaski County,13235,89.9,71.3,82.6,86.22844316160933,-3.62844316160934
2018,GA,Pulaski County,13235,82.6,63.2,34.1,76.61057777110364,-42.510577771103634
2019,GA,Pulaski County,13235,34.1,58.1,32.7,28.03862475652722,4.661375243472783
2020,GA,Pulaski County,13235,32.7,54.0,24.5,25.392855768638825,-0.8928557686388245
2021,GA,Pulaski County,13235,24.5,52.8,101.4,17.074427542113433,84.32557245788658
2022,GA,Pulaski County,13235,101.4,49.8,30.8,90.60032468639027,-59.80032468639027
2017,GA,Putnam County,13237,62.3,71.3,53.7,59.50065765018948,-5.800657650189478
2018,GA,Putnam County,13237,53.7,63.2,16.7,48.6238748261749,-31.9238748261749
2019,GA,Putnam County,13237,16.7,58.1,14.6,11.1884991080234,3.4115008919765994
2020,GA,Putnam County,13237,14.6,54.0,13.7,7.864851502091753,5.835148497908246
2021,GA,Putnam County,13237,13.7,52.8,20.3,6.6157288637317535,13.684271136268247
2022,GA,Putnam County,13237,20.3,49.8,36.7,12.063244795950077,24.636755204049926
2019,GA,Quitman County,13239,1.0,58.1,0.7,-4.015349896661075,4.715349896661075
2020,GA,Quitman County,13239,0.7,54.0,3.4,-5.5958810561957755,8.995881056195776
2021,GA,Quitman County,13239,3.4,52.8,0.2,-3.3587708017618816,3.5587708017618818
2022,GA,Quitman County,13239,0.2,49.8,3.6,-7.401555522149154,11.001555522149154
2017,GA,Rabun County,13241,146.9,71.3,144.7,141.42713063084597,3.272869369154023
2018,GA,Rabun County,13241,144.7,63.2,77.8,136.7480951717983,-58.9480951717983
2019,GA,Rabun County,13241,77.8,58.1,75.4,70.35761848294196,5.042381517058047
2020,GA,Rabun County,13241,75.4,54.0,73.4,66.7434514692775,6.656548530722503
2021,GA,Rabun County,13241,73.4,52.8,73.6,64.42909100256381,9.170908997436186
2022,GA,Rabun County,13241,73.6,49.8,68.9,63.6788595698152,5.2211404301848034
2017,GA,Randolph County,13243,127.1,71.3,109.5,122.25284972047955,-12.752849720479546
2018,GA,Randolph County,13243,109.5,63.2,30.6,102.66048466448022,-72.06048466448021
2019,GA,Randolph County,13243,30.6,58.1,22.6,24.649231666310932,-2.0492316663109307
2020,GA,Randolph County,13243,22.6,54.0,13.5,15.612035708300404,-2.1120357083004038
2021,GA,Randolph County,13243,13.5,52.8,11.4,6.422049258576539,4.977950741423461
2022,GA,Randolph County,13243,11.4,49.8,10.9,3.444502366542956,7.455497633457044
2017,GA,Richmond County,13245,76.7,71.3,64.3,73.44558922136505,-9.145589221365057
2018,GA,Richmond County,13245,64.3,63.2,103.9,58.88889389940135,45.01110610059865
2019,GA,Richmond County,13245,103.9,58.1,88.6,95.63280695569769,-7.032806955697694
2020,GA,Richmond County,13245,88.6,54.0,88.8,79.52630540952177,9.273694590478229
2021,GA,Richmond County,13245,88.8,52.8,89.9,79.34242059951545,10.557579400484556
2022,GA,Richmond County,13245,89.9,49.8,91.8,79.46374738996533,12.336252610034663
2017,GA,Rockdale County,13247,74.1,71.3,67.5,70.92775435434724,-3.4277543543472433
2018,GA,Rockdale County,13247,67.5,63.2,54.0,61.98776758188481,-7.98776758188481
2019,GA,Rockdale County,13247,54.0,58.1,49.4,47.309745469471224,2.0902545305287745
2020,GA,Rockdale County,13247,49.4,54.0,50.2,41.56510279909938,8.634897200900625
2021,GA,Rockdale County,13247,50.2,52.8,59.0,41.96225680455872,17.03774319544128
2022,GA,Rockdale County,13247,59.0,49.8,52.6,49.54024839348442,3.059751606515583
2017,GA,Schley County,13249,1.5,71.3,0.0,0.6220576830037388,-0.6220576830037388
2018,GA,Schley County,13249,0.0,63.2,15.7,-3.379099158000674,19.079099158000673
2019,GA,Schley County,13249,15.7,58.1,15.5,10.220101082247318,5.279898917752682
2020,GA,Schley County,13249,15.5,54.0,17.8,8.73640972529023,9.063590274709771
2021,GA,Schley County,13249,17.8,52.8,14.2,10.586160769413688,3.6138392305863114
2022,GA,Schley County,13249,14.2,49.8,8.7,6.156016838715981,2.543983161284018
2017,GA,Screven County,13251,63.7,71.3,59.4,60.856414886276,-1.4564148862760007
2018,GA,Screven County,13251,59.4,63.2,23.2,54.14374357309855,-30.943743573098548
2019,GA,Screven County,13251,23.2,58.1,20.9,17.483086275567928,3.416913724432071
2020,GA,Screven County,13251,20.9,54.0,20.7,13.965759064481063,6.734240935518937
2021,GA,Screven County,13251,20.7,52.8,24.6,13.394515044164322,11.20548495583568
2022,GA,Screven County,13251,24.6,49.8,20.2,16.22735630678723,3.9726436932127704
2017,GA,Seminole County,13253,171.5,71.3,155.3,165.24972206493754,-9.949722064937532
2018,GA,Seminole County,13253,155.3,63.2,130.7,147.01311424502478,-16.313114245024792
2019,GA,Seminole County,13253,130.7,58.1,106.3,121.58587404649664,-15.285874046496644
2020,GA,Seminole County,13253,106.3,54.0,102.0,96.6669504657584,5.333049534241596
2021,GA,Seminole County,13253,102.0,52.8,108.1,92.12527453975973,15.974725460240265
2022,GA,Seminole County,13253,108.1,49.8,109.3,97.08859145909,12.21140854091
2017,GA,Spalding County,13255,120.9,71.3,109.4,116.24878196066784,-6.848781960667836
2018,GA,Spalding County,13255,109.4,63.2,97.0,102.56364486190262,-5.563644861902617
2019,GA,Spalding County,13255,97.0,58.1,92.2,88.95086057784272,3.2491394221572847
2020,GA,Spalding County,13255,92.2,54.0,99.3,83.01253830231566,16.287461697684336
2021,GA,Spalding County,13255,99.3,52.8,98.9,89.5105998701643,9.389400129835707
2022,GA,Spalding County,13255,98.9,49.8,94.6,88.17932962195006,6.420670378049934
2017,GA,Stephens County,13257,156.2,71.3,146.4,150.4332322705635,-4.033232270563502
2018,GA,Stephens County,13257,146.4,63.2,68.2,138.3943718156176,-70.1943718156176
2019,GA,Stephens County,13257,68.2,58.1,62.9,61.060997435491586,1.8390025645084123
2020,GA,Stephens County,13257,62.9,54.0,55.5,54.638476147076474,0.8615238529235256
2021,GA,Stephens County,13257,55.5,52.8,51.1,47.09476634117195,4.005233658828054
2022,GA,Stephens County,13257,51.1,49.8,48.8,41.88990398985338,6.910096010146617
2017,GA,Stewart County,13259,52.3,71.3,52.2,49.81667739242866,2.383322607571344
2018,GA,Stewart County,13259,52.2,63.2,27.1,47.171277787510775,-20.071277787510773
2019,GA,Stewart County,13259,27.1,58.1,31.0,21.25983857609465,9.740161423905349
2020,GA,Stewart County,13259,31.0,54.0,28.0,23.746579124819483,4.253420875180517
2021,GA,Stewart County,13259,28.0,52.8,23.9,20.463820632329714,3.4361793676702845
2022,GA,Stewart County,13259,23.9,49.8,11.8,15.54947768874397,-3.749477688743969
2017,GA,Sumter County,13261,106.6,71.3,99.7,102.40069019206987,-2.700690192069871
2018,GA,Sumter County,13261,99.7,63.2,72.8,93.17018401187464,-20.370184011874642
2019,GA,Sumter County,13261,72.8,58.1,72.6,65.51562835406155,7.084371645938447
2020,GA,Sumter County,13261,72.6,54.0,73.9,64.03193699710447,9.86806300289554
2021,GA,Sumter County,13261,73.9,52.8,78.3,64.91329001545185,13.386709984548148
2022,GA,Sumter County,13261,78.3,49.8,81.9,68.23033029096278,13.669669709037223
2019,GA,Talbot County,13263,2.9,58.1,3.6,-2.175393647686519,5.775393647686519
2020,GA,Talbot County,13263,3.6,54.0,3.4,-2.787526781445141,6.187526781445142
2021,GA,Talbot County,13263,3.4,52.8,3.1,-3.3587708017618816,6.458770801761881
2022,GA,Talbot County,13263,3.1,49.8,2.1,-4.593201247398518,6.693201247398518
2017,GA,Tattnall County,13267,52.3,71.3,69.3,49.81667739242866,19.48332260757134
2018,GA,Tattnall County,13267,69.3,63.2,39.6,63.730884028281764,-24.130884028281763
2019,GA,Tattnall County,13267,39.6,58.1,38.1,33.364813898295665,4.735186101704336
2020,GA,Tattnall County,13267,38.1,54.0,36.4,30.622205107829664,5.777794892170334
2021,GA,Tattnall County,13267,36.4,52.8,31.0,28.598364048848794,2.4016359511512064
2022,GA,Tattnall County,13267,31.0,49.8,21.5,22.425103671754144,-0.9251036717541439
2017,GA,Taylor County,13269,91.2,71.3,76.0,87.48736059511823,-11.487360595118233
2018,GA,Taylor County,13269,76.0,63.2,3.2,70.21915080098151,-67.0191508009815
2019,GA,Taylor County,13269,3.2,58.1,3.7,-1.884874239953696,5.584874239953696
2020,GA,Taylor County,13269,3.7,54.0,3.1,-2.6906869788675323,5.790686978867532
2021,GA,Taylor County,13269,3.1,52.8,2.1,-3.649290209494705,5.7492902094947045
2022,GA,Taylor County,13269,2.1,49.8,2.7,-5.5615992731746005,8.2615992731746
2017,GA,Telfair County,13271,65.0,71.3,60.8,62.1153323197849,-1.3153323197849005
2018,GA,Telfair County,13271,60.8,63.2,8.1,55.499500809185065,-47.399500809185064
2019,GA,Telfair County,13271,8.1,58.1,10.7,2.860276086349103,7.8397239136508965
2020,GA,Telfair County,13271,10.7,54.0,14.3,4.088099201565036,10.211900798434964
2021,GA,Telfair County,13271,14.3,52.8,14.8,7.196767679197404,7.603232320802597
2022,GA,Telfair County,13271,14.8,49.8,16.5,6.737055654181631,9.762944345818369
2017,GA,Terrell County,13273,47.3,71.3,30.7,44.97468726354826,-14.274687263548262
2018,GA,Terrell County,13273,30.7,63.2,6.8,26.35072023332502,-19.55072023332502
2019,GA,Terrell County,13273,6.8,58.1,6.3,1.6013586528401973,4.6986413471598025
2020,GA,Terrell County,13273,6.3,54.0,7.1,-0.17285211184972127,7.272852111849721
2021,GA,Terrell County,13273,7.1,52.8,10.6,0.22430189360961705,10.375698106390383
2022,GA,Terrell County,13273,10.6,49.8,13.0,2.669783945922088,10.330216054077912
2017,GA,Thomas County,13275,104.1,71.3,97.7,99.97969512762967,-2.2796951276296653
2018,GA,Thomas County,13275,97.7,63.2,127.8,91.23338796032247,36.56661203967752
2019,GA,Thomas County,13275,127.8,58.1,121.0,118.77751977174601,2.2224802282539855
2020,GA,Thomas County,13275,121.0,54.0,93.7,110.90240144466678,-17.202401444666776
2021,GA,Thomas County,13275,93.7,52.8,110.9,84.08757092581826,26.81242907418175
2022,GA,Thomas County,13275,110.9,49.8,115.0,99.80010593126303,15.199894068736967
2017,GA,Tift County,13277,134.4,71.3,125.0,129.32215530864494,-4.322155308644938
2018,GA,Tift County,13277,125.0,63.2,178.6,117.67065406400947,60.929345935990526
2019,GA,Tift County,13277,178.6,58.1,179.5,167.97213948117093,11.527860518829073
2020,GA,Tift County,13277,179.5,54.0,192.1,167.55368595256755,24.546314047432446
2021,GA,Tift County,13277,192.1,52.8,175.1,179.37793666218465,-4.277936662184658
2022,GA,Tift County,13277,175.1,49.8,168.8,161.97125918608742,6.828740813912589
2017,GA,Toombs County,13279,135.2,71.3,109.9,130.09687372926578,-20.196873729265775
2018,GA,Toombs County,13279,109.9,63.2,55.4,103.04784387479066,-47.64784387479066
2019,GA,Toombs County,13279,55.4,58.1,55.5,48.66550270555774,6.834497294442258
2020,GA,Toombs County,13279,55.5,54.0,43.0,47.47233075633348,-4.472330756333477
2021,GA,Toombs County,13279,43.0,52.8,46.8,34.989791018970934,11.810208981029064
2022,GA,Toombs County,13279,46.8,49.8,52.0,37.72579247901623,14.274207520983772
2017,GA,Towns County,13281,92.7,71.3,81.8,88.93995763378236,-7.139957633782359
2018,GA,Towns County,13281,81.8,63.2,44.0,75.83585935048278,-31.835859350482778
2019,GA,Towns County,13281,44.0,58.1,74.6,37.62576521171042,36.97423478828957
2020,GA,Towns County,13281,74.6,54.0,103.4,65.96873304865663,37.431266951343375
2021,GA,Towns County,13281,103.4,52.8,112.5,93.48103177584625,19.018968224153753
2022,GA,Towns County,13281,112.5,49.8,106.8,101.34954277250476,5.450457227495235
2017,GA,Treutlen County,13283,75.4,71.3,59.4,72.18667178785616,-12.786671787856157
2018,GA,Treutlen County,13283,59.4,63.2,1.3,54.14374357309855,-52.84374357309855
2019,GA,Treutlen County,13283,1.3,58.1,0.4,-3.7248304889282515,4.124830488928252
2020,GA,Treutlen County,13283,0.4,54.0,0.6,-5.886400463928599,6.486400463928598
2021,GA,Treutlen County,13283,0.6,52.8,0.3,-6.0702852739349105,6.37028527393491
2022,GA,Treutlen County,13283,0.3,49.8,1.2,-7.304715719571545,8.504715719571545
2017,GA,Troup County,13285,94.3,71.3,87.0,90.48939447502408,-3.489394475024085
2018,GA,Troup County,13285,87.0,63.2,77.4,80.8715290845184,-3.4715290845183944
2019,GA,Troup County,13285,77.4,58.1,80.4,69.97025927263154,10.429740727368468
2020,GA,Troup County,13285,80.4,54.0,81.1,71.58544159815791,9.51455840184208
2021,GA,Troup County,13285,81.1,52.8,76.2,71.88575580103962,4.314244198960381
2022,GA,Troup County,13285,76.2,49.8,61.8,66.19669443683301,-4.396694436833016
2017,GA,Turner County,13287,92.9,71.3,84.2,89.13363723893758,-4.933637238937578
2018,GA,Turner County,13287,84.2,63.2,40.1,78.16001461234538,-38.06001461234538
2019,GA,Turner County,13287,40.1,58.1,34.8,33.849012911183706,0.9509870888162908
2020,GA,Turner County,13287,34.8,54.0,32.3,27.426491622768594,4.873508377231403
2021,GA,Turner County,13287,32.3,52.8,27.1,24.627932143166866,2.472067856833135
2022,GA,Turner County,13287,27.1,49.8,24.2,18.648351371227434,5.551648628772565
2017,GA,Twiggs County,13289,0.7,71.3,0.0,-0.15266073761712562,0.15266073761712562
2018,GA,Twiggs County,13289,0.0,63.2,0.9,-3.379099158000674,4.279099158000674
2019,GA,Twiggs County,13289,0.9,58.1,0.2,-4.112189699238684,4.312189699238684
2020,GA,Twiggs County,13289,0.2,54.0,0.1,-6.080080069083817,6.180080069083816
2021,GA,Twiggs County,13289,0.1,52.8,0.2,-6.554484286822952,6.754484286822952
2022,GA,Twiggs County,13289,0.2,49.8,0.2,-7.401555522149154,7.601555522149154
2017,GA,Union County,13291,107.5,71.3,95.2,103.27224841526835,-8.072248415268348
2018,GA,Union County,13291,95.2,63.2,82.6,88.81239289588227,-6.2123928958822745
2019,GA,Union County,13291,82.6,58.1,61.5,75.00592900666715,-13.505929006667145
2020,GA,Union County,13291,61.5,54.0,51.4,53.282718910989956,-1.8827189109899578
2021,GA,Union County,13291,51.4,52.8,48.0,43.12433443549001,4.875665564509987
2022,GA,Union County,13291,48.0,49.8,48.2,38.88787010994753,9.312129890052475
2017,GA,Upson County,13293,142.6,71.3,135.3,137.26301912000878,-1.9630191200087665
2018,GA,Upson County,13293,135.3,63.2,85.3,127.64515372950312,-42.345153729503124
2019,GA,Upson County,13293,85.3,58.1,86.5,77.62060367626256,8.879396323737438
2020,GA,Upson County,13293,86.5,54.0,78.2,77.492669555392,0.7073304446080044
2021,GA,Upson County,13293,78.2,52.8,69.8,69.077401526289,0.7225984737110025
2022,GA,Upson County,13293,69.8,49.8,65.8,59.998947071866084,5.801052928133913
2017,GA,Walker County,13295,48.6,71.3,42.0,46.233604697057174,-4.233604697057174
2018,GA,Walker County,13295,42.0,63.2,17.5,37.293617924594734,-19.793617924594734
2019,GA,Walker County,13295,17.5,58.1,13.4,11.963217528644265,1.4367824713557358
2020,GA,Walker County,13295,13.4,54.0,12.8,6.702773871160456,6.097226128839544
2021,GA,Walker County,13295,12.8,52.8,12.0,5.744170640533284,6.255829359466716
2022,GA,Walker County,13295,12.0,49.8,9.9,4.0255411820086024,5.874458817991398
2017,GA,Walton County,13297,100.3,71.3,86.7,96.29978262968056,-9.599782629680561
2018,GA,Walton County,13297,86.7,63.2,23.5,80.58100967678557,-57.08100967678557
2019,GA,Walton County,13297,23.5,58.1,22.3,17.77360568330075,4.52639431669925
2020,GA,Walton County,13297,22.3,54.0,19.9,15.32151630056758,4.578483699432418
2021,GA,Walton County,13297,19.9,52.8,18.9,12.619796623543458,6.280203376456541
2022,GA,Walton County,13297,18.9,49.8,17.4,10.707487559863559,6.69251244013644
2017,GA,Ware County,13299,213.4,71.3,194.8,205.82559934495538,-11.025599344955367
2018,GA,Ware County,13299,194.8,63.2,159.9,185.26483626317997,-25.364836263179967
2019,GA,Ware County,13299,159.9,58.1,158.5,149.86309639915822,8.636903600841777
2020,GA,Ware County,13299,158.5,54.0,155.0,147.21732741126982,7.782672588730179
2021,GA,Ware County,13299,155.0,52.8,152.0,143.45036990589205,8.549630094107954
2022,GA,Ware County,13299,152.0,49.8,146.8,139.60126479065997,7.198735209340043
2019,GA,Warren County,13301,7.3,58.1,6.3,2.0855576657282384,4.214442334271761
2020,GA,Warren County,13301,6.3,54.0,6.2,-0.17285211184972127,6.3728521118497214
2021,GA,Warren County,13301,6.2,52.8,6.0,-0.6472563295888527,6.647256329588853
2022,GA,Warren County,13301,6.0,49.8,10.4,-1.784846972647884,12.184846972647884
2017,GA,Washington County,13303,85.3,71.3,69.9,81.77381224303934,-11.873812243039339
2018,GA,Washington County,13303,69.9,63.2,29.3,64.31192284374741,-35.01192284374741
2019,GA,Washington County,13303,29.3,58.1,22.6,23.390314232802027,-0.7903142328020252
2020,GA,Washington County,13303,22.6,54.0,24.0,15.612035708300404,8.387964291699596
2021,GA,Washington County,13303,24.0,52.8,21.6,16.590228529225392,5.009771470774609
2022,GA,Washington County,13303,21.6,49.8,18.8,13.322162229458982,5.477837770541019
2017,GA,Wayne County,13305,139.3,71.3,115.5,134.06730563494773,-18.56730563494773
2018,GA,Wayne County,13305,115.5,63.2,105.3,108.47087281913672,-3.1708728191367186
2019,GA,Wayne County,13305,105.3,58.1,101.4,96.98856419178419,4.411435808215813
2020,GA,Wayne County,13305,101.4,54.0,100.2,91.92180013945561,8.27819986054439
2021,GA,Wayne County,13305,100.2,52.8,68.9,90.38215809336279,-21.482158093362784
2022,GA,Wayne County,13305,68.9,49.8,52.9,59.12738884866762,-6.227388848667623
2017,GA,Webster County,13307,61.3,71.3,62.0,58.5322596244134,3.467740375586601
2018,GA,Webster County,13307,62.0,63.2,1.0,56.66157844011636,-55.66157844011636
2019,GA,Webster County,13307,1.0,58.1,1.0,-4.015349896661075,5.015349896661075
2020,GA,Webster County,13307,1.0,54.0,4.4,-5.305361648462952,9.705361648462953
2021,GA,Webster County,13307,4.4,52.8,16.5,-2.3903727759857993,18.8903727759858
2022,GA,Webster County,13307,16.5,49.8,13.7,8.383332298000969,5.31666770199903
2017,GA,Wheeler County,13309,2.4,71.3,10.2,1.493615906202212,8.706384093797787
2018,GA,Wheeler County,13309,10.2,63.2,0.0,6.498560704915352,-6.498560704915352
2019,GA,Wheeler County,13309,0.0,58.1,0.0,-4.983747922437157,4.983747922437157
2020,GA,Wheeler County,13309,0.0,54.0,0.1,-6.273759674239031,6.373759674239031
2021,GA,Wheeler County,13309,0.1,52.8,0.0,-6.554484286822952,6.554484286822952
2022,GA,Wheeler County,13309,0.0,49.8,0.0,-7.59523512730437,7.59523512730437
2017,GA,White County,13311,91.9,71.3,83.6,88.1652392131615,-4.5652392131615045
2018,GA,White County,13311,83.6,63.2,20.6,77.57897579687972,-56.978975796879716
2019,GA,White County,13311,20.6,58.1,21.2,14.965251408550117,6.234748591449883
2020,GA,White County,13311,21.2,54.0,20.4,14.256278472213886,6.143721527786113
2021,GA,White County,13311,20.4,52.8,19.6,13.103995636431499,6.4960043635685025
2022,GA,White County,13311,19.6,49.8,18.1,11.385366177906825,6.714633822093177
2017,GA,Whitfield County,13313,87.2,71.3,75.7,83.6137684920139,-7.913768492013901
2018,GA,Whitfield County,13313,75.7,63.2,89.3,69.92863139324868,19.371368606751318
2019,GA,Whitfield County,13313,89.3,58.1,77.4,81.49419577936689,-4.094195779366885
2020,GA,Whitfield County,13313,77.4,54.0,66.7,68.68024752082967,-1.9802475208296642
2021,GA,Whitfield County,13313,66.7,52.8,61.3,57.94082422986406,3.359175770135934
2022,GA,Whitfield County,13313,61.3,49.8,47.3,51.76756385276941,-4.467563852769416
2017,GA,Wilcox County,13315,2.9,71.3,0.0,1.9778149190902496,-1.9778149190902496
2018,GA,Wilcox County,13315,0.0,63.2,2.2,-3.379099158000674,5.579099158000674
2019,GA,Wilcox County,13315,2.2,58.1,2.3,-2.853272265729778,5.153272265729778
2020,GA,Wilcox County,13315,2.3,54.0,3.2,-4.046444214954043,7.246444214954043
2021,GA,Wilcox County,13315,3.2,52.8,7.3,-3.552450406917096,10.852450406917097
2022,GA,Wilcox County,13315,7.3,49.8,3.9,-0.5259295391389784,4.425929539138979
2017,GA,Wilkes County,13317,120.9,71.3,109.0,116.24878196066784,-7.248781960667841
2018,GA,Wilkes County,13317,109.0,63.2,54.0,102.17628565159218,-48.17628565159218
2019,GA,Wilkes County,13317,54.0,58.1,44.3,47.309745469471224,-3.009745469471227
2020,GA,Wilkes County,13317,44.3,54.0,41.3,36.62627286764137,4.6737271323586285
2021,GA,Wilkes County,13317,41.3,52.8,41.2,33.3435143751516,7.856485624848403
2022,GA,Wilkes County,13317,41.2,49.8,46.6,32.30276353467018,14.297236465329824
2017,GA,Wilkinson County,13319,81.3,71.3,73.7,77.90022013993503,-4.200220139935027
2018,GA,Wilkinson County,13319,73.7,63.2,49.7,67.99183534169651,-18.291835341696512
2019,GA,Wilkinson County,13319,49.7,58.1,53.2,43.14563395863408,10.054366041365924
2020,GA,Wilkinson County,13319,53.2,54.0,54.1,45.2450152970485,8.854984702951505
2021,GA,Wilkinson County,13319,54.1,52.8,54.0,45.739009105085444,8.260990894914556
2022,GA,Wilkinson County,13319,54.0,49.8,38.0,44.69825826460401,-6.698258264604007
2017,GA,Worth County,13321,82.7,71.3,78.8,79.25597737602153,-0.45597737602153643
2018,GA,Worth County,13321,78.8,63.2,32.0,72.93066527315453,-40.93066527315453
2019,GA,Worth County,13321,32.0,58.1,29.4,26.004988902397443,3.3950110976025556
2020,GA,Worth County,13321,29.4,54.0,28.0,22.19714228357776,5.802857716422238
2021,GA,Worth County,13321,28.0,52.8,28.7,20.463820632329714,8.236179367670285
2022,GA,Worth County,13321,28.7,49.8,29.5,20.197788212469163,9.302211787530837
